"","Year","County","Acres seeded ","Acres harvested","Yield (bushels/ac)","Production ('000 bushels)","Production ('000 tonnes)"
"1",2004,"Brant","43200","38000","119.87","4555.10","115.71"
"2",2004,"Chatham-Kent","120100","113100","152.22","17216.57","437.32"
"3",2004,"Elgin","91400","87800","137.58","12079.64","306.84"
"4",2004,"Essex","32100","32100","138.02","4430.59","112.54"
"5",2004,"Haldimand-Norfolk","71300","60500","123.35","7462.91","189.57"
"6",2004,"Hamilton","19100","17100","114.59","1959.47","49.77"
"7",2004,"Lambton","87500","87500","144.16","12613.60","320.40"
"8",2004,"Middlesex","126400","116400","136.11","15843.13","402.44"
"9",2004,"Niagara","17100","15900","111.68","1775.71","45.11"
"10",2004,"Oxford","144800","134400","130.36","17520.26","445.04"
"11",2004,"Bruce","58000","52400","117.42","6152.71","156.29"
"12",2004,"Dufferin","10100","8500","109.16","927.85","23.57"
"13",2004,"Grey","22700","19200","111.20","2135.07","54.23"
"14",2004,"Halton","12500","12500","111.84","1397.99","35.51"
"15",2004,"Huron","186100","186000","134.30","24979.72","634.52"
"16",2004,"Peel","6200","6200","118.41","734.15","18.65"
"17",2004,"Perth","104900","104900","127.47","13371.85","339.66"
"18",2004,"Simcoe","49900","44000","120.23","5290.30","134.38"
"19",2004,"Waterloo","47900","42200","115.13","4858.64","123.42"
"20",2004,"Wellington","43600","41500","114.66","4758.56","120.87"
"21",2004,"Durham","46500","40500","120.44","4877.99","123.91"
"22",2004,"Haliburton","0","0","0","0","0"
"23",2004,"Hastings","14200","13600","115.57","1571.74","39.92"
"24",2004,"Kawartha Lakes","18900","16200","112.71","1825.90","46.38"
"25",2004,"Muskoka","0","0","0","0","0"
"26",2004,"Northumberland","24600","21900","124.97","2736.85","69.52"
"27",2004,"Parry Sound","100","100","98.76","9.88","0.25"
"28",2004,"Peterborough","9400","7900","103.70","819.25","20.81"
"29",2004,"Prince Edward","10600","10600","113.15","1199.41","30.47"
"30",2004,"York","24000","19500","111.62","2176.52","55.29"
"31",2004,"Frontenac","3400","2700","122.57","330.95","8.41"
"32",2004,"Lanark","4200","4200","122.61","514.97","13.08"
"33",2004,"Leeds and Grenville","15000","15000","123.48","1852.13","47.05"
"34",2004,"Lennox and Addington","6200","6200","120.36","746.26","18.96"
"35",2004,"Ottawa","38400","34900","138.33","4827.74","122.63"
"36",2004,"Prescott and Russell","58200","58200","141.40","8229.35","209.04"
"37",2004,"Renfrew","7800","7800","114.64","894.21","22.71"
"38",2004,"Stormont, Dundas and Glengarry","121500","118700","144.57","17160.35","435.90"
"39",2004,"Algoma","200","0","0","0","0"
"40",2004,"Cochrane","0","0","0","0","0"
"41",2004,"Greater Sudbury","0","0","0","0","0"
"42",2004,"Kenora","100","100","95.55","9.55","0.24"
"43",2004,"Manitoulin","300","300","94.29","28.29","0.72"
"44",2004,"Nipissing","0","0","0","0","0"
"45",2004,"Rainy River","0","0","0","0","0"
"46",2004,"Sudbury","0","0","0","0","0"
"47",2004,"Thunder Bay","100","100","97.12","9.71","0.25"
"48",2004,"Timiskaming","1400","1300","86.83","112.88","2.87"
"49",2005,"Brant","35800","35200","156.33","5502.94","139.78"
"50",2005,"Chatham-Kent","113100","112400","159.53","17931.52","455.48"
"51",2005,"Elgin","85400","84900","151.07","12826.15","325.80"
"52",2005,"Essex","35800","35400","132.58","4693.42","119.22"
"53",2005,"Haldimand-Norfolk","74700","73300","139.13","10198.28","259.05"
"54",2005,"Hamilton","20500","19800","143.81","2847.39","72.33"
"55",2005,"Lambton","85700","82200","153.92","12651.86","321.37"
"56",2005,"Middlesex","121800","120500","151.20","18219.59","462.80"
"57",2005,"Niagara","20100","19100","116.44","2223.95","56.49"
"58",2005,"Oxford","143100","141000","164.37","23175.93","588.70"
"59",2005,"Bruce","42400","42000","125.85","5285.64","134.26"
"60",2005,"Dufferin","10600","10600","130.22","1380.28","35.06"
"61",2005,"Grey","12200","12200","122.66","1496.47","38.01"
"62",2005,"Halton","6700","6700","107.35","719.24","18.27"
"63",2005,"Huron","160200","158600","150.67","23896.45","607"
"64",2005,"Peel","7300","7300","135.30","987.69","25.09"
"65",2005,"Perth","97500","95800","157.73","15110.71","383.83"
"66",2005,"Simcoe","38400","37900","122.27","4633.87","117.71"
"67",2005,"Waterloo","48000","47200","139.11","6565.81","166.78"
"68",2005,"Wellington","40900","40600","137.86","5597.11","142.17"
"69",2005,"Durham","51000","49800","123.91","6170.93","156.75"
"70",2005,"Haliburton","0","0","0","0","0"
"71",2005,"Hastings","8500","8500","94.36","802.03","20.37"
"72",2005,"Kawartha Lakes","13500","13000","103.92","1351.02","34.32"
"73",2005,"Muskoka","0","0","0","0","0"
"74",2005,"Northumberland","18400","17000","119.53","2032.06","51.62"
"75",2005,"Parry Sound","100","100","121.67","12.17","0.31"
"76",2005,"Peterborough","7500","7000","90.42","632.96","16.08"
"77",2005,"Prince Edward","9800","9800","99.33","973.47","24.73"
"78",2005,"York","26100","23000","124.59","2865.64","72.79"
"79",2005,"Frontenac","6000","5300","100.39","532.08","13.52"
"80",2005,"Lanark","10600","10600","98.39","1042.97","26.49"
"81",2005,"Leeds and Grenville","17600","16700","120.57","2013.51","51.15"
"82",2005,"Lennox and Addington","5200","5200","92.69","481.97","12.24"
"83",2005,"Ottawa","45100","42500","144.27","6131.51","155.75"
"84",2005,"Prescott and Russell","47000","46500","152.22","7078.07","179.79"
"85",2005,"Renfrew","7500","7500","100.32","752.40","19.11"
"86",2005,"Stormont, Dundas and Glengarry","123900","117800","152.65","17981.87","456.76"
"87",2005,"Algoma","0","0","0","0","0"
"88",2005,"Cochrane","0","0","0","0","0"
"89",2005,"Greater Sudbury","0","0","0","0","0"
"90",2005,"Kenora","100","100","77.52","7.75","0.20"
"91",2005,"Manitoulin","200","200","108.98","21.80","0.55"
"92",2005,"Nipissing","0","0","0","0","0"
"93",2005,"Rainy River","0","0","0","0","0"
"94",2005,"Sudbury","0","0","0","0","0"
"95",2005,"Thunder Bay","100","100","78.01","7.80","0.20"
"96",2005,"Timiskaming","1600","1600","102.01","163.21","4.15"
"97",2006,"Brant","34860","33900","146","4949.40","125.72"
"98",2006,"Chatham-Kent","122716","119400","167","19939.80","506.50"
"99",2006,"Elgin","86273","83900","160","13424","340.99"
"100",2006,"Essex","37577","36600","153","5599.80","142.24"
"101",2006,"Haldimand-Norfolk","64165","62400","139","8673.60","220.32"
"102",2006,"Hamilton","20247","19700","130","2561","65.05"
"103",2006,"Lambton","75996","73900","161","11897.90","302.22"
"104",2006,"Middlesex","139010","135200","165","22308","566.65"
"105",2006,"Niagara","20564","20000","139","2780","70.62"
"106",2006,"Oxford","118501","115300","162","18678.60","474.46"
"107",2006,"Bruce","47229","45900","145","6655.50","169.06"
"108",2006,"Dufferin","9778","9500","139","1320.50","33.54"
"109",2006,"Grey","13982","13600","135","1836","46.64"
"110",2006,"Halton","13740","13400","123","1648.20","41.87"
"111",2006,"Huron","151188","147100","159","23388.90","594.11"
"112",2006,"Peel","10809","10500","117","1228.50","31.21"
"113",2006,"Perth","108765","105800","161","17033.80","432.68"
"114",2006,"Simcoe","44263","43100","128","5516.80","140.13"
"115",2006,"Waterloo","39276","38200","139","5309.80","134.88"
"116",2006,"Wellington","64858","63100","140","8834","224.40"
"117",2006,"Durham","52062","50600","132","6679.20","169.66"
"118",2006,"Haliburton","0","0","0","0","0"
"119",2006,"Hastings","0","11900","104","1237.60","31.44"
"120",2006,"Kawartha Lakes","12663","12300","128","1574.40","39.99"
"121",2006,"Muskoka","0","0","0","0","0"
"122",2006,"Northumberland","26796","26100","126","3288.60","83.53"
"123",2006,"Parry Sound","0","0","0","0","0"
"124",2006,"Peterborough","7129","6900","118","814.20","20.68"
"125",2006,"Prince Edward","11788","11500","129","1483.50","37.68"
"126",2006,"York","19991","19400","119","2308.60","58.64"
"127",2006,"Frontenac","3300","3200","135","432","10.97"
"128",2006,"Lanark","4115","4000","125","500","12.70"
"129",2006,"Leeds and Grenville","16423","16000","133","2128","54.05"
"130",2006,"Lennox and Addington","5800","5600","112","627.20","15.93"
"131",2006,"Ottawa","37756","36700","151","5541.70","140.77"
"132",2006,"Prescott and Russell","42453","41300","153","6318.90","160.51"
"133",2006,"Renfrew","6569","6400","139","889.60","22.60"
"134",2006,"Stormont, Dundas and Glengarry","93233","90700","148","13423.60","340.98"
"135",2006,"Algoma","51","0","0","0","0"
"136",2006,"Cochrane","0","0","0","0","0"
"137",2006,"Greater Sudbury","0","0","0","0","0"
"138",2006,"Kenora","0","0","0","0","0"
"139",2006,"Manitoulin","0","0","0","0","0"
"140",2006,"Nipissing","0","0","0","0","0"
"141",2006,"Rainy River","0","0","0","0","0"
"142",2006,"Sudbury","0","0","0","0","0"
"143",2006,"Thunder Bay","0","0","0","0","0"
"144",2006,"Timiskaming","856","0","89","0","0"
"145",2007,"Brant","42000","41100","119","4890.90","124.24"
"146",2007,"Chatham-Kent","165000","161400","155","25017","635.47"
"147",2007,"Elgin","110000","107600","130","13988","355.31"
"148",2007,"Essex","60000","58700","142","8335.40","211.73"
"149",2007,"Haldimand-Norfolk","99000","96900","112","10852.80","275.68"
"150",2007,"Hamilton","22000","21500","112","2408","61.17"
"151",2007,"Lambton","140000","137000","135","18495","469.80"
"152",2007,"Middlesex","200000","195700","137","26810.90","681.03"
"153",2007,"Niagara","36000","35200","91","3203.20","81.37"
"154",2007,"Oxford","155000","151700","151","22906.70","581.86"
"155",2007,"Bruce","70000","68500","130","8905","226.20"
"156",2007,"Dufferin","11000","10800","114","1231.20","31.27"
"157",2007,"Grey","17000","16600","112","1859.20","47.23"
"158",2007,"Halton","10000","9800","73","715.40","18.17"
"159",2007,"Huron","200000","195700","137","26810.90","681.03"
"160",2007,"Peel","9000","8800","86","756.80","19.22"
"161",2007,"Perth","150000","146800","145","21286","540.69"
"162",2007,"Simcoe","57000","55800","113","6305.40","160.17"
"163",2007,"Waterloo","34000","33300","119","3962.70","100.66"
"164",2007,"Wellington","85000","83200","117","9734.40","247.27"
"165",2007,"Durham","52000","50900","104","5293.60","134.46"
"166",2007,"Haliburton","0","0","0","0","0"
"167",2007,"Hastings","13000","12700","106","1346.20","34.20"
"168",2007,"Kawartha Lakes","16000","15700","90","1413","35.89"
"169",2007,"Muskoka","0","0","0","0","0"
"170",2007,"Northumberland","24000","23500","114","2679","68.05"
"171",2007,"Parry Sound","0","0","0","0","0"
"172",2007,"Peterborough","8000","7800","100","780","19.81"
"173",2007,"Prince Edward","13000","12700","108","1371.60","34.84"
"174",2007,"York","20000","19600","103","2018.80","51.28"
"175",2007,"Frontenac","5000","4900","113","553.70","14.06"
"176",2007,"Lanark","4000","3900","136","530.40","13.47"
"177",2007,"Leeds and Grenville","23000","22500","137","3082.50","78.30"
"178",2007,"Lennox and Addington","8000","7800","113","881.40","22.39"
"179",2007,"Ottawa","45000","44000","157","6908","175.47"
"180",2007,"Prescott and Russell","63000","61700","149","9193.30","233.52"
"181",2007,"Renfrew","7000","6900","124","855.60","21.73"
"182",2007,"Stormont, Dundas and Glengarry","125000","122300","159","19445.70","493.95"
"183",2007,"Algoma","0","0","0","0","0"
"184",2007,"Cochrane","0","0","0","0","0"
"185",2007,"Greater Sudbury","0","0","0","0","0"
"186",2007,"Kenora","0","0","0","0","0"
"187",2007,"Manitoulin","0","0","0","0","0"
"188",2007,"Nipissing","0","0","0","0","0"
"189",2007,"Rainy River","0","0","0","0","0"
"190",2007,"Sudbury","0","0","0","0","0"
"191",2007,"Thunder Bay","0","0","0","0","0"
"192",2007,"Timiskaming","0","0","0","0","0"
"193",2008,"Brant","34000","33500","148","4958","125.94"
"194",2008,"Chatham-Kent","130000","128200","175","22435","569.88"
"195",2008,"Elgin","87000","85800","167","14328.60","363.97"
"196",2008,"Essex","61000","60100","138","8293.80","210.67"
"197",2008,"Haldimand-Norfolk","64000","63100","158","9969.80","253.25"
"198",2008,"Hamilton","32000","31500","161","5071.50","128.82"
"199",2008,"Lambton","98000","96600","172","16615.20","422.05"
"200",2008,"Middlesex","132000","130100","180","23418","594.85"
"201",2008,"Niagara","34000","33500","156","5226","132.75"
"202",2008,"Oxford","145000","143000","171","24453","621.14"
"203",2008,"Bruce","61000","60600","142","8605.20","218.58"
"204",2008,"Dufferin","7500","7400","126","932.40","23.68"
"205",2008,"Grey","11000","10900","126","1373.40","34.89"
"206",2008,"Halton","16000","15900","147","2337.30","59.37"
"207",2008,"Huron","135000","134100","165","22126.50","562.04"
"208",2008,"Peel","10000","9900","148","1465.20","37.22"
"209",2008,"Perth","100000","99300","156","15490.80","393.49"
"210",2008,"Simcoe","56000","55600","148","8228.80","209.02"
"211",2008,"Waterloo","32000","31800","152","4833.60","122.78"
"212",2008,"Wellington","77000","76500","137","10480.50","266.22"
"213",2008,"Durham","73000","68900","138","9508.20","241.52"
"214",2008,"Haliburton","0","0","0","0","0"
"215",2008,"Hastings","8000","7500","141","1057.50","26.86"
"216",2008,"Kawartha Lakes","20000","18900","133","2513.70","63.85"
"217",2008,"Muskoka","0","0","0","0","0"
"218",2008,"Northumberland","45000","42400","143.90","6101.36","154.98"
"219",2008,"Parry Sound","0","0","0","0","0"
"220",2008,"Peterborough","12000","11300","121","1367.30","34.73"
"221",2008,"Prince Edward","16500","15600","140.80","2196.48","55.79"
"222",2008,"York","28000","26400","138","3643.20","92.54"
"223",2008,"Frontenac","3000","3000","152","456","11.58"
"224",2008,"Lanark","6500","6400","161","1030.40","26.17"
"225",2008,"Leeds and Grenville","17000","16800","123","2066.40","52.49"
"226",2008,"Lennox and Addington","6000","5900","141","831.90","21.13"
"227",2008,"Ottawa","41000","40400","145","5858","148.80"
"228",2008,"Prescott and Russell","52000","51200","141","7219.20","183.38"
"229",2008,"Renfrew","18000","17700","137.90","2440.83","62"
"230",2008,"Stormont, Dundas and Glengarry","90000","88700","146","12950.20","328.95"
"231",2008,"Algoma","0","0","0","0","0"
"232",2008,"Cochrane","0","0","0","0","0"
"233",2008,"Greater Sudbury","0","0","0","0","0"
"234",2008,"Kenora","0","0","0","0","0"
"235",2008,"Manitoulin","0","0","0","0","0"
"236",2008,"Nipissing","0","0","0","0","0"
"237",2008,"Rainy River","0","0","0","0","0"
"238",2008,"Sudbury","0","0","0","0","0"
"239",2008,"Thunder Bay","0","0","0","0","0"
"240",2008,"Timiskaming","0","0","0","0","0"
"241",2009,"Brant","38000","37600","146","5490","139.45"
"242",2009,"Chatham-Kent","130000","128800","165","21252","539.83"
"243",2009,"Elgin","95000","94100","158","14868","377.67"
"244",2009,"Essex","39000","38600","161","6215","157.87"
"245",2009,"Haldimand-Norfolk","85000","84200","163","13725","348.63"
"246",2009,"Hamilton","29000","28700","144","4133","104.98"
"247",2009,"Lambton","100000","99100","156","15460","392.70"
"248",2009,"Middlesex","140000","138700","154","21360","542.57"
"249",2009,"Niagara","22000","21800","137","2987","75.87"
"250",2009,"Oxford","165000","163600","153","25031","635.82"
"251",2009,"Bruce","65000","64400","124","7986","202.86"
"252",2009,"Dufferin","7000","6900","99","683","17.35"
"253",2009,"Grey","13000","12900","118","1522","38.66"
"254",2009,"Halton","13000","12900","124","1600","40.64"
"255",2009,"Huron","180000","178500","134","23919","607.57"
"256",2009,"Peel","7000","6900","132","911","23.14"
"257",2009,"Perth","110000","109000","139","15151","384.86"
"258",2009,"Simcoe","38000","37700","121","4562","115.88"
"259",2009,"Waterloo","52000","51500","129","6644","168.77"
"260",2009,"Wellington","58000","57500","120","6900","175.27"
"261",2009,"Durham","73000","72000","114","8208","208.49"
"262",2009,"Haliburton","0","0","0","0","0"
"263",2009,"Hastings","11000","10900","121","1319","33.50"
"264",2009,"Kawartha Lakes","20000","19700","108","2128","54.05"
"265",2009,"Muskoka","0","0","0","0","0"
"266",2009,"Northumberland","21000","20700","134","2774","70.46"
"267",2009,"Parry Sound","0","0","0","0","0"
"268",2009,"Peterborough","7000","6900","113","780","19.81"
"269",2009,"Prince Edward","15000","14800","109","1613","40.97"
"270",2009,"York","18000","17800","123","2189","55.60"
"271",2009,"Frontenac","4000","3800","90","342","8.69"
"272",2009,"Lanark","8000","7700","138","1063","27"
"273",2009,"Leeds and Grenville","13000","12400","131","1624","41.25"
"274",2009,"Lennox and Addington","10000","9600","116","1114","28.30"
"275",2009,"Ottawa","30000","28700","148","4248","107.90"
"276",2009,"Prescott and Russell","45000","43100","142","6120","155.46"
"277",2009,"Renfrew","11000","10500","120","1260","32.01"
"278",2009,"Stormont, Dundas and Glengarry","110000","105200","148","15570","395.50"
"279",2009,"Algoma","0","0","0","0","0"
"280",2009,"Cochrane","0","0","0","0","0"
"281",2009,"Greater Sudbury","0","0","0","0","0"
"282",2009,"Kenora","0","0","0","0","0"
"283",2009,"Manitoulin","0","0","0","0","0"
"284",2009,"Nipissing","0","0","0","0","0"
"285",2009,"Rainy River","0","0","0","0","0"
"286",2009,"Sudbury","0","0","0","0","0"
"287",2009,"Thunder Bay","0","0","0","0","0"
"288",2009,"Timiskaming","0","0","0","0","0"
"289",2010,"Brant","45000","44900","161","7229","183.63"
"290",2010,"Chatham-Kent","145000","144500","179","25866","657.03"
"291",2010,"Elgin","120000","119600","171","20452","519.51"
"292",2010,"Essex","52000","51800","158","8184","207.88"
"293",2010,"Haldimand-Norfolk","90000","89700","169","15159","385.06"
"294",2010,"Hamilton","31000","30900","156","4820","122.43"
"295",2010,"Lambton","100000","99700","147","14656","372.28"
"296",2010,"Middlesex","150000","149500","166","24817","630.39"
"297",2010,"Niagara","26000","25900","141","3652","92.77"
"298",2010,"Oxford","150000","149600","176","26330","668.82"
"299",2010,"Bruce","65000","64300","152","9774","248.27"
"300",2010,"Dufferin","10000","9900","148","1465","37.21"
"301",2010,"Grey","16000","15800","144","2275","57.79"
"302",2010,"Halton","14000","13800","136","1877","47.68"
"303",2010,"Huron","155000","153300","172","26368","669.78"
"304",2010,"Peel","12000","11900","147","1749","44.43"
"305",2010,"Perth","115000","113700","170","19329","490.98"
"306",2010,"Simcoe","40000","39500","162","6399","162.54"
"307",2010,"Waterloo","39000","38600","162","6253","158.83"
"308",2010,"Wellington","62000","61300","155","9502","241.36"
"309",2010,"Durham","58000","57600","162","9331","237.02"
"310",2010,"Haliburton","0","0","0","0","0"
"311",2010,"Hastings","20000","19900","159","3164","80.37"
"312",2010,"Kawartha Lakes","18000","17900","160","2864","72.75"
"313",2010,"Muskoka","0","0","0","0","0"
"314",2010,"Northumberland","31000","30800","150","4620","117.35"
"315",2010,"Parry Sound","0","0","0","0","0"
"316",2010,"Peterborough","9000","8900","150","1335","33.91"
"317",2010,"Prince Edward","16000","15900","140","2226","56.54"
"318",2010,"York","18000","17900","148","2649","67.29"
"319",2010,"Frontenac","4000","3900","134","523","13.28"
"320",2010,"Lanark","10000","9800","163","1597","40.57"
"321",2010,"Leeds and Grenville","20000","19700","148","2916","74.07"
"322",2010,"Lennox and Addington","8000","7900","150","1185","30.10"
"323",2010,"Ottawa","40000","39400","170","6698","170.14"
"324",2010,"Prescott and Russell","62000","61000","166","10126","257.21"
"325",2010,"Renfrew","11000","10800","140","1512","38.41"
"326",2010,"Stormont, Dundas and Glengarry","110000","108300","165","17870","453.92"
"327",2010,"Algoma","0","0","0","0","0"
"328",2010,"Cochrane","0","0","0","0","0"
"329",2010,"Greater Sudbury","0","0","0","0","0"
"330",2010,"Kenora","0","0","0","0","0"
"331",2010,"Manitoulin","0","0","0","0","0"
"332",2010,"Nipissing","0","0","0","0","0"
"333",2010,"Rainy River","0","0","0","0","0"
"334",2010,"Sudbury","0","0","0","0","0"
"335",2010,"Thunder Bay","0","0","0","0","0"
"336",2010,"Timiskaming","0","0","0","0","0"
"337",2011,"Brant","44948","44948","159","7146.73","181.54"
"338",2011,"Chatham-Kent","157185","129522","170","22018.74","559.31"
"339",2011,"Elgin","110906","95359.86","169","16115.82","409.36"
"340",2011,"Essex","53322","53322","163.33","8708.95","221.22"
"341",2011,"Haldimand-Norfolk","90423","83224","155.60","12949.65","328.94"
"342",2011,"Hamilton","25106","23909.22","150","3586.38","91.10"
"343",2011,"Lambton","100813","100813","140.80","14197.01","360.62"
"344",2011,"Middlesex","176493","168401","148.81","25059.95","636.56"
"345",2011,"Niagara","25976","21402","145.31","3109.91","79"
"346",2011,"Oxford","129181","129181","170","21960.77","557.83"
"347",2011,"Bruce","63921","63921","133","8501.49","215.95"
"348",2011,"Dufferin","11808","9702.55","142","1377.76","35"
"349",2011,"Grey","22142","22142","139","3077.74","78.18"
"350",2011,"Halton","12930","10798.20","124","1338.98","34.01"
"351",2011,"Huron","184528","143493.97","161","23102.53","586.84"
"352",2011,"Peel","13244","13244","140","1854.16","47.10"
"353",2011,"Perth","126591","121424","160.48","19486.63","494.99"
"354",2011,"Simcoe","56881","56881","147.90","8412.70","213.69"
"355",2011,"Waterloo","43766","43766","145.60","6372.33","161.87"
"356",2011,"Wellington","80363","80363","140.10","11258.86","285.99"
"357",2011,"Durham","54575","54575","145.29","7929.28","201.41"
"358",2011,"Haliburton","0","0","0","0","0"
"359",2011,"Hastings","20204","16333.51","158","2580.69","65.55"
"360",2011,"Kawartha Lakes","18741","18741","157","2942.34","74.74"
"361",2011,"Muskoka","0","0","0","0","0"
"362",2011,"Northumberland","37708","26439.33","142","3754.47","95.37"
"363",2011,"Parry Sound","484","0","0","0","0"
"364",2011,"Peterborough","12509","11094.17","149","1653.03","41.99"
"365",2011,"Prince Edward","16680","11464.49","141","1616.49","41.06"
"366",2011,"York","25064","16879.68","147","2481.31","63.03"
"367",2011,"Frontenac","5821","4665.48","136.66","637.57","16.20"
"368",2011,"Lanark","8907","7038","143","1006.43","25.56"
"369",2011,"Leeds and Grenville","24778","24778","146.26","3624.04","92.06"
"370",2011,"Lennox and Addington","11697","10415.21","121.87","1269.26","32.24"
"371",2011,"Ottawa","52172","44815.81","135.70","6081.44","154.48"
"372",2011,"Prescott and Russell","65395","55458.82","126.88","7036.82","178.74"
"373",2011,"Renfrew","15750","14903.73","139.65","2081.32","52.87"
"374",2011,"Stormont, Dundas and Glengarry","127887","125844.83","149.58","18823.59","478.14"
"375",2011,"Algoma","135","0","0","0","0"
"376",2011,"Cochrane","152","0","0","0","0"
"377",2011,"Greater Sudbury","0","0","0","0","0"
"378",2011,"Kenora",NA,"0","0","0","0"
"379",2011,"Manitoulin","698","0","0","0","0"
"380",2011,"Nipissing",NA,"0","0","0","0"
"381",2011,"Rainy River","85","0","0","0","0"
"382",2011,"Sudbury",NA,"0","0","0","0"
"383",2011,"Thunder Bay","245","0","0","0","0"
"384",2011,"Timiskaming","1594","0","0","0","0"
"385",2012,"Brant","49185.63","49018.87","130.61","6402.39","162.63"
"386",2012,"Chatham-Kent","174039.94","173449.87","181.82","31537.30","801.09"
"387",2012,"Elgin","136412.04","135949.55","175.13","23809.24","604.79"
"388",2012,"Essex","66704.75","66478.60","165.09","10974.78","278.77"
"389",2012,"Haldimand-Norfolk","70124.86","69887.10","135.36","9459.74","240.29"
"390",2012,"Hamilton","35073.09","34954.18","146.25","5112.08","129.85"
"391",2012,"Lambton","127317.60","126885.93","170.96","21691.94","551"
"392",2012,"Middlesex","237677.16","236871.33","166.31","39393.57","1000.65"
"393",2012,"Niagara","35788.62","35667.28","131.75","4699.23","119.37"
"394",2012,"Oxford","158976.30","158437.30","159.90","25333.42","643.50"
"395",2012,"Bruce","78285.40","71646.07","139.84","10019.24","254.50"
"396",2012,"Dufferin","19102.01","17481.98","130.46","2280.68","57.93"
"397",2012,"Grey","26627.68","24369.40","134.33","3273.50","83.15"
"398",2012,"Halton","14027.22","12837.58","99.05","1271.53","32.30"
"399",2012,"Huron","165550.73","151510.48","162.35","24597.10","624.80"
"400",2012,"Peel","11185.55","10236.91","119.53","1223.66","31.08"
"401",2012,"Perth","114567.30","104850.93","166.39","17445.90","443.15"
"402",2012,"Simcoe","67211.96","61511.76","153.75","9457.29","240.23"
"403",2012,"Waterloo","43890.04","40167.75","142.13","5709.08","145.02"
"404",2012,"Wellington","95048.10","86987.14","143.35","12469.62","316.74"
"405",2012,"Durham","46454.81","46024.07","155.16","7141.09","181.39"
"406",2012,"Haliburton","0","0","0","0","0"
"407",2012,"Hastings","19997.70","19812.28","116.79","2313.95","58.78"
"408",2012,"Kawartha Lakes","20601.26","20410.25","137.67","2809.95","71.38"
"409",2012,"Muskoka","0","0","0","0","0"
"410",2012,"Northumberland","34195.84","33878.77","133.05","4507.69","114.50"
"411",2012,"Parry Sound","0","0","0","0","0"
"412",2012,"Peterborough","15285.24","15143.52","110.49","1673.25","42.50"
"413",2012,"Prince Edward","41662.67","41276.37","102.63","4236.15","107.60"
"414",2012,"York","37502.48","37154.75","151.40","5625.22","142.89"
"415",2012,"Frontenac","7795.37","7666.11","113.19","867.76","22.04"
"416",2012,"Lanark","10581.76","10406.30","104.39","1086.31","27.59"
"417",2012,"Leeds and Grenville","29080.55","28598.36","138.32","3955.84","100.48"
"418",2012,"Lennox and Addington","11011.99","10829.39","93.16","1008.88","25.63"
"419",2012,"Ottawa","55539.87","54618.95","121.21","6620.36","168.17"
"420",2012,"Prescott and Russell","60083.93","59087.66","135.53","8007.90","203.41"
"421",2012,"Renfrew","24663.85","24254.89","103.70","2515.19","63.89"
"422",2012,"Stormont, Dundas and Glengarry","132942.69","130738.34","152.11","19886.37","505.14"
"423",2012,"Algoma","0","0","0","0","0"
"424",2012,"Cochrane","0","0","0","0","0"
"425",2012,"Greater Sudbury","0","0","0","0","0"
"426",2012,"Kenora","0","0","0","0","0"
"427",2012,"Manitoulin","0","0","0","0","0"
"428",2012,"Nipissing","0","0","0","0","0"
"429",2012,"Rainy River","0","0","0","0","0"
"430",2012,"Sudbury","0","0","0","0","0"
"431",2012,"Thunder Bay","487.25","487.25","74.65","36.37","0.92"
"432",2012,"Timiskaming","352.82","352.82","111.78","39.44","1"
"433",2013,"Brant","47437.55","47282.28","155","7328.96","186.17"
"434",2013,"Chatham-Kent","122446.06","122045.29","177.61","21676.14","550.60"
"435",2013,"Elgin","142052.80","141587.86","171.21","24240.65","615.75"
"436",2013,"Essex","55940.68","55757.58","162.45","9057.95","230.08"
"437",2013,"Haldimand-Norfolk","77019.54","76767.45","156.69","12028.83","305.55"
"438",2013,"Hamilton","22801.73","22727.10","150.57","3422.11","86.93"
"439",2013,"Lambton","139138.88","138683.48","173.05","23998.93","609.60"
"440",2013,"Middlesex","188223.47","187607.41","172.46","32355.26","821.87"
"441",2013,"Niagara","20350.89","20284.28","133.22","2702.27","68.64"
"442",2013,"Oxford","162288.42","161757.25","176.18","28497.89","723.88"
"443",2013,"Bruce","68356.42","67567.18","148.24","10016.21","254.43"
"444",2013,"Dufferin","15341.65","15164.51","119.47","1811.67","46.02"
"445",2013,"Grey","30390.07","30039.18","134.22","4031.98","102.42"
"446",2013,"Halton","3333.65","3295.16","156.89","516.97","13.13"
"447",2013,"Huron","237544.24","234801.57","165.21","38791.47","985.36"
"448",2013,"Peel","10722.87","10599.07","130.39","1382.01","35.10"
"449",2013,"Perth","118356.05","116989.51","165.63","19376.70","492.19"
"450",2013,"Simcoe","60655.77","59955.44","156.64","9391.24","238.55"
"451",2013,"Waterloo","42286.84","41798.60","149.71","6257.81","158.96"
"452",2013,"Wellington","79912.45","78989.78","153.07","12090.93","307.13"
"453",2013,"Durham","64484.34","64204.09","148.39","9527.12","242"
"454",2013,"Haliburton","0","0","0","0","0"
"455",2013,"Hastings","21280.43","21187.94","139.11","2947.38","74.87"
"456",2013,"Kawartha Lakes","26104.34","25990.89","141.64","3681.32","93.51"
"457",2013,"Muskoka","0","0","0","0","0"
"458",2013,"Northumberland","48697.17","48485.53","147.75","7163.72","181.97"
"459",2013,"Parry Sound","0","0","0","0","0"
"460",2013,"Peterborough","13915.64","13855.17","128.64","1782.28","45.27"
"461",2013,"Prince Edward","16802.31","16729.29","142.74","2387.98","60.66"
"462",2013,"York","38815.78","38647.08","138.28","5344.20","135.75"
"463",2013,"Frontenac","16194.05","16049.95","145.31","2332.29","59.24"
"464",2013,"Lanark","13922.94","13799.05","170.38","2351.02","59.72"
"465",2013,"Leeds and Grenville","31600.38","31319.21","138.25","4329.99","109.99"
"466",2013,"Lennox and Addington","6121.68","6067.21","143.06","867.97","22.05"
"467",2013,"Ottawa","36612.80","36287.03","161.08","5844.98","148.47"
"468",2013,"Prescott and Russell","105003.95","104069.64","154.81","16110.93","409.24"
"469",2013,"Renfrew","25697.11","25468.47","135.58","3453.07","87.71"
"470",2013,"Stormont, Dundas and Glengarry","113247.09","112239.44","153.72","17253.76","438.27"
"471",2013,"Algoma","0","0","0","0","0"
"472",2013,"Cochrane","0","0","0","0","0"
"473",2013,"Greater Sudbury","0","0","0","0","0"
"474",2013,"Kenora","0","0","0","0","0"
"475",2013,"Manitoulin","0","0","0","0","0"
"476",2013,"Nipissing","0","0","0","0","0"
"477",2013,"Rainy River","0","0","0","0","0"
"478",2013,"Sudbury","0","0","0","0","0"
"479",2013,"Thunder Bay","530.05","530.05","127.72","67.70","1.72"
"480",2013,"Timiskaming","816.64","816.64","120.77","98.63","2.51"
"481",2014,"Brant","46180","45850","157.90","7240","183.91"
"482",2014,"Chatham-Kent","132100","131150","176.69","23173","588.63"
"483",2014,"Elgin","104190","103440","171","17688","449.30"
"484",2014,"Essex","46090","45760","185","8466","215.05"
"485",2014,"Haldimand-Norfolk","67460","66970","161","10782","273.88"
"486",2014,"Hamilton","24270","24090","151.89","3659","92.94"
"487",2014,"Lambton","109090","108300","176.79","19146","486.33"
"488",2014,"Middlesex","154360","153240","170.39","26111","663.25"
"489",2014,"Niagara","12140","12050","151.80","1829","46.46"
"490",2014,"Oxford","147920","146850","167","24524","622.94"
"491",2014,"Bruce","46650","46150","142","6553","166.45"
"492",2014,"Dufferin","9410","9310","135.80","1264","32.11"
"493",2014,"Grey","30690","30360","145","4402","111.82"
"494",2014,"Halton","4500","4450","155.82","693","17.60"
"495",2014,"Huron","160950","159220","167.10","26606","675.83"
"496",2014,"Peel","6730","6660","153","1019","25.88"
"497",2014,"Perth","96260","95230","158","15046","382.19"
"498",2014,"Simcoe","56300","55690","149","8298","210.78"
"499",2014,"Waterloo","45530","45040","154.40","6954","176.64"
"500",2014,"Wellington","91970","90980","150.09","13655","346.86"
"501",2014,"Durham","55010","54800","152","8330","211.59"
"502",2014,"Haliburton","0","0","0","0","0"
"503",2014,"Hastings","13660","13600","138","1877","47.68"
"504",2014,"Kawartha Lakes","20020","19900","157.84","3141","79.79"
"505",2014,"Muskoka","0","0","0","0","0"
"506",2014,"Northumberland","37050","36900","150.50","5553","141.05"
"507",2014,"Parry Sound","0","0","0","0","0"
"508",2014,"Peterborough","7700","7700","141.10","1086","27.59"
"509",2014,"Prince Edward","14410","14300","143.86","2057","52.25"
"510",2014,"York","27770","27600","149.40","4123","104.73"
"511",2014,"Frontenac","5960","5900","138","814","20.68"
"512",2014,"Lanark","9170","9100","156.33","1423","36.15"
"513",2014,"Leeds and Grenville","18570","18500","136.81","2531","64.29"
"514",2014,"Lennox and Addington","6310","6300","131.84","831","21.11"
"515",2014,"Ottawa","40510","40300","152","6126","155.61"
"516",2014,"Prescott and Russell","71290","71000","158.45","11250","285.77"
"517",2014,"Renfrew","21130","21000","140.45","2949","74.91"
"518",2014,"Stormont, Dundas and Glengarry","130950","130400","152.39","19872","504.78"
"519",2014,"Algoma","0","0","0","0","0"
"520",2014,"Cochrane","0","0","0","0","0"
"521",2014,"Greater Sudbury","0","0","0","0","0"
"522",2014,"Kenora","0","0","0","0","0"
"523",2014,"Manitoulin","0","0","0","0","0"
"524",2014,"Nipissing","0","0","0","0","0"
"525",2014,"Rainy River","0","0","0","0","0"
"526",2014,"Sudbury","0","0","0","0","0"
"527",2014,"Thunder Bay","0","0","0","0","0"
"528",2014,"Timiskaming","2000","1333.33","74.71","100","2.54"
"529",2015,"Brant","42143.55","42000","159.87","6714","170.54"
"530",2015,"Chatham-Kent","132451.17","131900","192.91","25445","646.34"
"531",2015,"Elgin","122416.99","121900","172.30","21003","533.50"
"532",2015,"Essex","56191.41","56000","188","10528","267.43"
"533",2015,"Haldimand-Norfolk","84287.11","83900","160.97","13506","343.07"
"534",2015,"Hamilton","29099.12","29000","168.36","4882","124.01"
"535",2015,"Lambton","141481.93","140900","175","24658","626.35"
"536",2015,"Middlesex","135461.43","134900","175","23608","599.67"
"537",2015,"Niagara","21071.78","21000","151","3171","80.55"
"538",2015,"Oxford","143488.77","143000","178","25454","646.57"
"539",2015,"Bruce","58198.24","57600","162","9331","237.02"
"540",2015,"Dufferin","16054.69","15900","141.10","2243","56.98"
"541",2015,"Grey","27092.29","26800","151.70","4066","103.28"
"542",2015,"Halton","14047.85","13900","123.30","1714","43.54"
"543",2015,"Huron","193659.67","191900","169.40","32508","825.75"
"544",2015,"Peel","12041.02","11900","153","1821","46.26"
"545",2015,"Perth","117399.90","116300","171.70","19969","507.24"
"546",2015,"Simcoe","62211.91","61600","164.50","10133","257.39"
"547",2015,"Waterloo","43146.97","42700","155.20","6627","168.33"
"548",2015,"Wellington","85290.53","84500","159.50","13478","342.36"
"549",2015,"Durham","48164.06","47800","157.21","7515","190.89"
"550",2015,"Haliburton","0","0","0","0","0"
"551",2015,"Hastings","14047.85","13900","153.35","2132","54.16"
"552",2015,"Kawartha Lakes","13044.43","12900","151.68","1957","49.71"
"553",2015,"Muskoka","0","0","0","0","0"
"554",2015,"Northumberland","37126.46","36900","159.40","5882","149.41"
"555",2015,"Parry Sound","0","0","0","0","0"
"556",2015,"Peterborough","17058.11","16900","141.10","2385","60.58"
"557",2015,"Prince Edward","18061.52","17900","148.12","2651","67.34"
"558",2015,"York","18061.52","17900","152","2721","69.12"
"559",2015,"Frontenac","5017.09","5000","142.20","711","18.06"
"560",2015,"Lanark","12041.02","11900","183.79","2187","55.55"
"561",2015,"Leeds and Grenville","27092.29","26800","155","4154","105.52"
"562",2015,"Lennox and Addington","7023.93","6900","149.65","1033","26.24"
"563",2015,"Ottawa","48164.06","47600","184.70","8792","223.33"
"564",2015,"Prescott and Russell","85290.53","84300","187.50","15806","401.49"
"565",2015,"Renfrew","17058.11","16900","152.40","2576","65.43"
"566",2015,"Stormont, Dundas and Glengarry","129440.92","128000","180.93","23159","588.27"
"567",2015,"Algoma","0","0","0","0","0"
"568",2015,"Cochrane","0","0","0","0","0"
"569",2015,"Greater Sudbury","0","0","0","0","0"
"570",2015,"Kenora","0","0","0","0","0"
"571",2015,"Manitoulin","0","0","0","0","0"
"572",2015,"Nipissing","0","0","0","0","0"
"573",2015,"Rainy River","0","0","0","0","0"
"574",2015,"Sudbury","0","0","0","0","0"
"575",2015,"Thunder Bay","0","0","0","0","0"
"576",2015,"Timiskaming","0","0","0","0","0"
"577",2016,"Brant","57050.15","56953.41","136.32","7763.81","197.21"
"578",2016,"Chatham-Kent","145112.51","142561.91","186.27","26554.45","674.52"
"579",2016,"Elgin","116515.04","115885.32","180.01","20861.05","529.90"
"580",2016,"Essex","60756.34","60663.25","167.02","10132.22","257.37"
"581",2016,"Haldimand-Norfolk","65335.95","65235.85","127.97","8348.46","212.06"
"582",2016,"Hamilton","21272.66","20808.69","148.94","3099.32","78.73"
"583",2016,"Lambton","123259.52","119971.75","179.08","21484.54","545.74"
"584",2016,"Middlesex","165294.56","162841.28","179.39","29212.04","742.03"
"585",2016,"Niagara","20029.09","19998.40","126.89","2537.55","64.46"
"586",2016,"Oxford","134274.17","132780.14","176.45","23429.56","595.14"
"587",2016,"Bruce","51275.45","51242.53","146.97","7531.03","191.30"
"588",2016,"Dufferin","18107.11","18095.49","152.19","2754.04","69.96"
"589",2016,"Grey","23700.18","23570.58","147.34","3472.86","88.22"
"590",2016,"Halton","11315.78","11308.51","138.08","1561.42","39.66"
"591",2016,"Huron","179322.76","177854.91","171.93","30579.30","776.76"
"592",2016,"Peel","9936.49","9791.22","115.01","1126.13","28.61"
"593",2016,"Perth","114259.09","114185.74","176.95","20205.67","513.25"
"594",2016,"Simcoe","77818.30","77213.94","133.59","10315.11","262.02"
"595",2016,"Waterloo","32996.66","32556.47","147.56","4803.89","122.03"
"596",2016,"Wellington","76468.20","76380.60","156.08","11921.54","302.82"
"597",2016,"Durham","69300.33","66702.99","137.84","9194.21","233.55"
"598",2016,"Haliburton","0","0","0","0","0"
"599",2016,"Hastings","11241.96","9964.20","89.45","891.34","22.64"
"600",2016,"Kawartha Lakes","20870.09","20268.83","108.27","2194.47","55.74"
"601",2016,"Muskoka","0","0","0","0","0"
"602",2016,"Northumberland","46566.50","45426.81","114.60","5205.78","132.23"
"603",2016,"Parry Sound","0","0","0","0","0"
"604",2016,"Peterborough","15457.55","15379.68","93.27","1434.41","36.44"
"605",2016,"Prince Edward","14338.84","12646.96","64.56","816.48","20.74"
"606",2016,"York","19224.72","19010.53","132","2509.32","63.74"
"607",2016,"Frontenac","4134.58","4129.02","101.77","420.22","10.67"
"608",2016,"Lanark","6546.41","6529.45","145.69","951.25","24.16"
"609",2016,"Leeds and Grenville","27929.42","27891.86","133.87","3733.96","94.85"
"610",2016,"Lennox and Addington","12421.25","12404.55","80.05","992.94","25.22"
"611",2016,"Ottawa","42239.26","42182.46","152.30","6424.19","163.18"
"612",2016,"Prescott and Russell","70940.70","70367.08","153.70","10815.34","274.72"
"613",2016,"Renfrew","20112.26","20085.22","138.62","2784.15","70.72"
"614",2016,"Stormont, Dundas and Glengarry","137276.13","134910.38","153.94","20767.96","527.53"
"615",2016,"Algoma","0","0","0","0","0"
"616",2016,"Cochrane","0","0","0","0","0"
"617",2016,"Greater Sudbury","0","0","0","0","0"
"618",2016,"Kenora","0","0","0","0","0"
"619",2016,"Manitoulin","0","0","0","0","0"
"620",2016,"Nipissing","0","0","0","0","0"
"621",2016,"Rainy River","0","0","0","0","0"
"622",2016,"Sudbury","0","0","0","0","0"
"623",2016,"Thunder Bay","0","0","0","0","0"
"624",2016,"Timiskaming","2300","2300","74.35","171","4.34"
"625",2017,"Brant","55700","54500","172.10","9379.60","238.25"
"626",2017,"Chatham-Kent","141200","138100","182.41","25190.50","639.87"
"627",2017,"Elgin","107500","105100","180.06","18924.70","480.71"
"628",2017,"Essex","59200","57900","185.53","10742.10","272.86"
"629",2017,"Haldimand-Norfolk","83000","81200","157.82","12815.10","325.52"
"630",2017,"Hamilton","28400","27800","168.79","4692.30","119.19"
"631",2017,"Lambton","139100","136000","184.49","25090","637.32"
"632",2017,"Middlesex","177300","173400","179.23","31079.10","789.45"
"633",2017,"Niagara","19700","19300","173.69","3352.20","85.15"
"634",2017,"Oxford","136200","133300","184.98","24658.40","626.36"
"635",2017,"Bruce","51200","49500","170.79","8454.20","214.75"
"636",2017,"Dufferin","21700","21000","134.35","2821.30","71.66"
"637",2017,"Grey","31700","30600","157.87","4830.70","122.71"
"638",2017,"Halton","7800","7500","142.35","1067.60","27.12"
"639",2017,"Huron","147500","142500","173.50","24724.30","628.03"
"640",2017,"Peel","12900","12500","164.47","2055.90","52.22"
"641",2017,"Perth","125500","121300","168.93","20491.10","520.50"
"642",2017,"Simcoe","80900","78200","157.56","12321.30","312.98"
"643",2017,"Waterloo","38900","37600","173.16","6511","165.39"
"644",2017,"Wellington","86900","84000","170.35","14309.60","363.48"
"645",2017,"Durham","70200","66500","118.88","7905.40","200.81"
"646",2017,"Haliburton","0","0","0","0","0"
"647",2017,"Hastings","15000","14200","126.06","1790.10","45.47"
"648",2017,"Kawartha Lakes","16700","15800","159.23","2515.80","63.90"
"649",2017,"Muskoka","0","0","0","0","0"
"650",2017,"Northumberland","43500","41200","154.39","6361","161.58"
"651",2017,"Parry Sound","300","0","0","46","1.17"
"652",2017,"Peterborough","16300","15400","152.24","2344.50","59.55"
"653",2017,"Prince Edward","9700","9200","131.59","1210.60","30.75"
"654",2017,"York","16500","15600","158.69","2475.60","62.88"
"655",2017,"Frontenac","2000","2000","136.65","273.30","6.94"
"656",2017,"Lanark","14300","14000","152.01","2128.20","54.06"
"657",2017,"Leeds and Grenville","28200","27500","131.45","3614.80","91.82"
"658",2017,"Lennox and Addington","9600","9400","123.21","1158.20","29.42"
"659",2017,"Ottawa","55800","54500","143.38","7814.40","198.50"
"660",2017,"Prescott and Russell","68000","66400","146.46","9724.90","247.03"
"661",2017,"Renfrew","18400","18000","147.34","2652.10","67.37"
"662",2017,"Stormont, Dundas and Glengarry","179900","175700","160.43","28187","715.99"
"663",2017,"Algoma","0","0","0","4","0.10"
"664",2017,"Cochrane","200","188","69.68","13.10","0.33"
"665",2017,"Greater Sudbury","100","94","97.87","9.20","0.23"
"666",2017,"Kenora","0","0","0","0","0"
"667",2017,"Manitoulin","200","188","94.15","17.70","0.45"
"668",2017,"Nipissing","100","94","125.53","11.80","0.30"
"669",2017,"Rainy River","600","564","89.72","50.60","1.29"
"670",2017,"Sudbury","0","0","0","0","0"
"671",2017,"Thunder Bay","200","188","92.02","17.30","0.44"
"672",2017,"Timiskaming","1900","1785","90.36","161.30","4.10"
"673",2018,"Brant","45500","43700","158.51","6927","175.96"
"674",2018,"Chatham-Kent","173500","166500","180.24","30010","762.29"
"675",2018,"Elgin","113200","108600","174.25","18924","480.69"
"676",2018,"Essex","61900","59400","167.04","9922","252.03"
"677",2018,"Haldimand-Norfolk","71100","68200","160.09","10918","277.33"
"678",2018,"Hamilton","29400","28200","120.46","3397","86.29"
"679",2018,"Lambton","125800","120700","178.92","21596","548.57"
"680",2018,"Middlesex","173100","166100","178.25","29608","752.08"
"681",2018,"Niagara","21000","20200","166.98","3373","85.68"
"682",2018,"Oxford","137500","132000","182.19","24049","610.88"
"683",2018,"Bruce","76300","73300","168.25","12333","313.27"
"684",2018,"Dufferin","11800","11300","155.31","1755","44.58"
"685",2018,"Grey","41800","40100","157.98","6335","160.92"
"686",2018,"Halton","10500","10100","172.87","1746","44.35"
"687",2018,"Huron","219900","211200","164.78","34801","883.99"
"688",2018,"Peel","10300","9900","165.66","1640","41.66"
"689",2018,"Perth","112900","108400","171.72","18614","472.82"
"690",2018,"Simcoe","63700","61200","166.23","10173","258.41"
"691",2018,"Waterloo","37800","36300","171.85","6238","158.45"
"692",2018,"Wellington","80800","77600","167.96","13034","331.08"
"693",2018,"Durham","72700","71100","153.31","10900","276.87"
"694",2018,"Haliburton","0","0","0","0","0"
"695",2018,"Hastings","19800","19400","134.02","2600","66.04"
"696",2018,"Kawartha Lakes","24700","24100","145.23","3500","88.90"
"697",2018,"Muskoka","0","0","0","0","0"
"698",2018,"Northumberland","38600","37700","145.89","5500","139.71"
"699",2018,"Parry Sound","0","0","0","0","0"
"700",2018,"Peterborough","12300","12000","133.33","1600","40.64"
"701",2018,"Prince Edward","14100","13800","144.93","2000","50.80"
"702",2018,"York","17900","17500","148.57","2600","66.04"
"703",2018,"Frontenac","7700","7600","139.61","1061","26.95"
"704",2018,"Lanark","14400","14200","161.97","2300","58.42"
"705",2018,"Leeds and Grenville","23100","22700","131.67","2989","75.92"
"706",2018,"Lennox and Addington","5900","5800","143.28","831","21.11"
"707",2018,"Ottawa","63400","62300","164.33","10238","260.06"
"708",2018,"Prescott and Russell","68400","67300","150.51","10129","257.29"
"709",2018,"Renfrew","17800","17500","125.71","2200","55.88"
"710",2018,"Stormont, Dundas and Glengarry","129300","127100","158.78","20181","512.62"
"711",2018,"Algoma","0","0","0","0","0"
"712",2018,"Cochrane","0","0","0","0","0"
"713",2018,"Greater Sudbury","0","0","0","0","0"
"714",2018,"Kenora","0","0","0","0","0"
"715",2018,"Manitoulin","300","300","73.33","22","0.56"
"716",2018,"Nipissing","300","300","120","36","0.91"
"717",2018,"Rainy River","1200","1200","166.67","200","5.08"
"718",2018,"Sudbury","0","0","0","0","0"
"719",2018,"Thunder Bay","300","300","143.30","43","1.09"
"720",2018,"Timiskaming","900","900","111.11","100","2.54"
"721",2019,"Brant","40600","39800","152.09","6053","153.75"
"722",2019,"Chatham-Kent","191400","187800","186.93","35105","891.71"
"723",2019,"Elgin","140400","137800","173.79","23948","608.31"
"724",2019,"Essex","40600","39800","166.88","6642","168.72"
"725",2019,"Haldimand-Norfolk","72300","70900","172.80","12251.52","311.21"
"726",2019,"Hamilton","17200","16900","160","2704","68.69"
"727",2019,"Lambton","96300","94500","151.95","14359.27","364.74"
"728",2019,"Middlesex","207100","203200","175","35560","903.27"
"729",2019,"Niagara","19100","18700","159","2973.30","75.53"
"730",2019,"Oxford","135400","132900","180","23922","607.65"
"731",2019,"Bruce","65800","64200","143.87","9236.39","234.62"
"732",2019,"Dufferin","17100","16700","136.57","2280.79","57.94"
"733",2019,"Grey","50700","49400","129.38","6391.21","162.35"
"734",2019,"Halton","10400","10100","163.67","1653.05","41.99"
"735",2019,"Huron","199200","194300","163.10","31690.33","804.98"
"736",2019,"Peel","12700","12400","150.25","1863.11","47.33"
"737",2019,"Perth","119500","116600","176.10","20533.60","521.58"
"738",2019,"Simcoe","76900","75000","116.51","8738.01","221.96"
"739",2019,"Waterloo","39500","38500","167.10","6433.28","163.41"
"740",2019,"Wellington","89200","87000","152.32","13252.23","336.62"
"741",2019,"Durham","64300","63800","123.82","7900","200.67"
"742",2019,"Haliburton","0","0","0","0","0"
"743",2019,"Hastings","24900","24700","110.64","2732.90","69.42"
"744",2019,"Kawartha Lakes","21900","21700","93.22","2022.79","51.38"
"745",2019,"Muskoka","0","0","0","0","0"
"746",2019,"Northumberland","34400","34100","126.10","4300","109.23"
"747",2019,"Parry Sound","0","0","0","0","0"
"748",2019,"Peterborough","11300","11200","105.50","1181.59","30.01"
"749",2019,"Prince Edward","10500","10400","102.29","1063.87","27.02"
"750",2019,"York","13600","13500","133.33","1800","45.72"
"751",2019,"Frontenac","8400","8000","114.12","913","23.19"
"752",2019,"Lanark","11700","11100","153.69","1706","43.33"
"753",2019,"Leeds and Grenville","26100","24800","145.32","3604","91.55"
"754",2019,"Lennox and Addington","9900","9400","119.47","1123","28.53"
"755",2019,"Ottawa","57300","54300","146.46","7953","202.02"
"756",2019,"Prescott and Russell","80200","76100","144.66","11009","279.64"
"757",2019,"Renfrew","23600","22400","93.14","2086.34","53"
"758",2019,"Stormont, Dundas and Glengarry","141900","134600","153","20593.80","523.11"
"759",2019,"Algoma","0","0","0","0","0"
"760",2019,"Cochrane","0","0","0","0","0"
"761",2019,"Greater Sudbury","0","0","0","0","0"
"762",2019,"Kenora","0","0","0","0","0"
"763",2019,"Manitoulin","0","0","0","0","0"
"764",2019,"Nipissing","0","0","0","0","0"
"765",2019,"Rainy River","2300","2300","116.52","268","6.81"
"766",2019,"Sudbury","0","0","0","0","0"
"767",2019,"Thunder Bay","0","0","0","0","0"
"768",2019,"Timiskaming","200","200","94.64","18.93","0.48"
"769",2020,"Brant","44232","43397","145.17","6300","160.03"
"770",2020,"Chatham-Kent","164290","161189","183.03","29502","749.39"
"771",2020,"Elgin","162452","159386","169.40","27000","685.84"
"772",2020,"Essex","75696","74267","164.89","12246","311.06"
"773",2020,"Haldimand-Norfolk","87455","85804","164.33","14100","358.16"
"774",2020,"Hamilton","29716","29155","150.92","4400","111.77"
"775",2020,"Lambton","108879","106824","178.33","19050","483.90"
"776",2020,"Middlesex","190861","187259","168.16","31490","799.89"
"777",2020,"Niagara","16951","16631","152.37","2534","64.37"
"778",2020,"Oxford","126168","123787","165.57","20496","520.63"
"779",2020,"Bruce","75784","74130","164.04","12160","308.88"
"780",2020,"Dufferin","23349","22839","166.38","3800","96.53"
"781",2020,"Grey","31475","30788","165.65","5100","129.55"
"782",2020,"Halton","11322","11075","162.53","1800","45.72"
"783",2020,"Huron","189722","185581","175.56","32580","827.58"
"784",2020,"Peel","14382","14068","154.61","2175","55.25"
"785",2020,"Perth","114323","111828","175.44","19619","498.35"
"786",2020,"Simcoe","69199","67689","173.46","11741","298.24"
"787",2020,"Waterloo","33371","32643","153.17","5000","127.01"
"788",2020,"Wellington","69373","67859","169.34","11491","291.89"
"789",2020,"Durham","69403","65500","158.78","10400","264.17"
"790",2020,"Haliburton","0","0","0","0","0"
"791",2020,"Hastings","25713","24267","119.50","2900","73.66"
"792",2020,"Kawartha Lakes","22837","21553","155.01","3341","84.87"
"793",2020,"Muskoka","0","0","0","0","0"
"794",2020,"Northumberland","50234","47409","153.98","7300","185.43"
"795",2020,"Parry Sound","0","0","0","0","0"
"796",2020,"Peterborough","16649","15713","143.51","2255","57.28"
"797",2020,"Prince Edward","21315","20116","114.34","2300","58.42"
"798",2020,"York","21449","20243","123.50","2500","63.50"
"799",2020,"Frontenac","8007","7881","122.45","965","24.51"
"800",2020,"Lanark","8494","8360","134.57","1125","28.58"
"801",2020,"Leeds and Grenville","22079","21732","142.65","3100","78.74"
"802",2020,"Lennox and Addington","10437","10273","155.75","1600","40.64"
"803",2020,"Ottawa","64224","63214","136.05","8600","218.45"
"804",2020,"Prescott and Russell","65939","64902","161.78","10500","266.71"
"805",2020,"Renfrew","21086","20754","120.46","2500","63.50"
"806",2020,"Stormont, Dundas and Glengarry","117636","115786","155.46","18000","457.22"
"807",2020,"Algoma","702","658","108.92","71.67","1.82"
"808",2020,"Cochrane","0","0","0","0","0"
"809",2020,"Greater Sudbury","0","0","0","0","0"
"810",2020,"Kenora","0","0","0","0","0"
"811",2020,"Manitoulin","275","258","159.14","41.06","1.04"
"812",2020,"Nipissing","0","0","0","0","0"
"813",2020,"Rainy River","1452","1363","109.58","149.36","3.79"
"814",2020,"Sudbury","0","0","0","0","0"
"815",2020,"Thunder Bay","1022","959","108.32","103.88","2.64"
"816",2020,"Timiskaming","2752","2582","116.09","299.75","7.61"
"817",2021,"Brant","30199","29960","172.33","5163","131.14"
"818",2021,"Chatham-Kent","163073","161781","190.75","30859","783.82"
"819",2021,"Elgin","153110","151897","180.89","27476","697.89"
"820",2021,"Essex","80444","79807","188.86","15072","382.83"
"821",2021,"Haldimand-Norfolk","43048","42707","183.86","7852","199.44"
"822",2021,"Hamilton","14891","14773","172.27","2545","64.64"
"823",2021,"Lambton","93110","92372","188.85","17444","443.08"
"824",2021,"Middlesex","247036","245079","189.69","46488","1180.80"
"825",2021,"Niagara","29912","29675","176.58","5240","133.10"
"826",2021,"Oxford","117277","116348","184.82","21503","546.18"
"827",2021,"Bruce","72533","71857","171.16","12299","312.39"
"828",2021,"Dufferin","26217","25973","165.60","4301","109.25"
"829",2021,"Grey","70404","69748","163.65","11414","289.92"
"830",2021,"Halton","9514","9425","154.06","1452","36.88"
"831",2021,"Huron","167793","166229","177.04","29429","747.50"
"832",2021,"Peel","14864","14725","160.68","2366","60.10"
"833",2021,"Perth","89497","88663","183.80","16296","413.92"
"834",2021,"Simcoe","73595","72909","166.87","12166","309.02"
"835",2021,"Waterloo","47343","46902","173.70","8147","206.93"
"836",2021,"Wellington","82640","81870","173.58","14211","360.96"
"837",2021,"Durham","63793","63348","161.08","10204","259.18"
"838",2021,"Haliburton","0","0","0","0","0"
"839",2021,"Hastings","20249","20108","161.13","3240","82.30"
"840",2021,"Kawartha Lakes","24874","24700","157.41","3888","98.76"
"841",2021,"Muskoka","0","0","0","0","0"
"842",2021,"Northumberland","43415","43112","161.58","6966","176.94"
"843",2021,"Parry Sound","0","0","0","0","0"
"844",2021,"Peterborough","12782","12693","133.38","1693","43"
"845",2021,"Prince Edward","12047","11963","145.62","1742","44.25"
"846",2021,"York","26240","26057","150.40","3919","99.54"
"847",2021,"Frontenac","16276","16166","143.70","2323","59"
"848",2021,"Lanark","9749","9683","168.23","1629","41.38"
"849",2021,"Leeds and Grenville","24264","24100","156.64","3775","95.89"
"850",2021,"Lennox and Addington","9484","9420","154.67","1457","37.01"
"851",2021,"Ottawa","57682","57292","159.36","9130","231.90"
"852",2021,"Prescott and Russell","61002","60589","163.38","9899","251.43"
"853",2021,"Renfrew","21502","21357","148.94","3181","80.80"
"854",2021,"Stormont, Dundas and Glengarry","110541","109792","159.15","17473","443.81"
"855",2021,"Algoma","1004.75","991.12","149.27","147.95","3.76"
"856",2021,"Cochrane","0","0","0","0","0"
"857",2021,"Greater Sudbury","0","0","0","0","0"
"858",2021,"Kenora","0","0","0","0","0"
"859",2021,"Manitoulin","278.04","274.27","89.63","24.58","0.62"
"860",2021,"Nipissing","171.67","169.34","173.03","29.30","0.74"
"861",2021,"Rainy River","1531.35","1510.58","140.12","211.67","5.38"
"862",2021,"Sudbury","226.44","223.37","112.70","25.17","0.64"
"863",2021,"Thunder Bay","980.52","967.23","107.24","103.72","2.63"
"864",2021,"Timiskaming","1707.23","1684.08","128.62","216.60","5.50"
"865",2022,"Brant","44855.13","44045.64","141.92","6250.77","158.78"
"866",2022,"Chatham-Kent","215058.32","211177.23","174.76","36904.80","937.43"
"867",2022,"Elgin","162607.38","159672.85","187.74","29976.30","761.44"
"868",2022,"Essex","63689.81","62540.42","168.98","10568.03","268.44"
"869",2022,"Haldimand-Norfolk","0","0","0","0","0"
"870",2022,"Hamilton","22642.62","22234","138.57","3081.06","78.26"
"871",2022,"Lambton","147917.56","145248.14","162.54","23608.08","599.68"
"872",2022,"Middlesex","217406.74","213483.27","173.19","36973.36","939.17"
"873",2022,"Niagara","30510.84","29960.22","151.63","4542.82","115.39"
"874",2022,"Oxford","131511.59","129138.24","176.47","22788.78","578.87"
"875",2022,"Bruce","78078.67","76769.22","168.37","12925.67","328.33"
"876",2022,"Dufferin","16678.52","16398.80","146.24","2398.08","60.91"
"877",2022,"Grey","34885.90","34300.83","153.51","5265.47","133.75"
"878",2022,"Halton","14952.64","14701.87","96.69","1421.48","36.11"
"879",2022,"Huron","230839.59","226968.20","175.33","39794.29","1010.83"
"880",2022,"Peel","18126.42","17822.42","120.68","2150.74","54.63"
"881",2022,"Perth","144243.54","141824.45","177.21","25132.85","638.41"
"882",2022,"Simcoe","78183.93","76872.71","144.30","11092.72","281.77"
"883",2022,"Waterloo","24820.76","24404.50","126.27","3081.66","78.28"
"884",2022,"Wellington","62790.03","61736.99","161.61","9977.03","253.43"
"885",2022,"Durham","63424.80","62701.21","173.33","10867.79","276.06"
"886",2022,"Haliburton","0","0","0","0","0"
"887",2022,"Hastings","19659.56","19435.27","143.38","2786.68","70.79"
"888",2022,"Kawartha Lakes","26829.43","26523.34","136.12","3610.46","91.71"
"889",2022,"Muskoka","0","0","0","0","0"
"890",2022,"Northumberland","33792.77","33407.23","148.01","4944.61","125.60"
"891",2022,"Parry Sound","0","0","0","0","0"
"892",2022,"Peterborough","18787.11","18572.77","100.93","1874.52","47.62"
"893",2022,"Prince Edward","16355.01","16168.42","145.44","2351.54","59.73"
"894",2022,"York","22751.32","22491.75","116.86","2628.42","66.77"
"895",2022,"Frontenac","7145.06","7059.56","118.10","833.73","21.18"
"896",2022,"Lanark","8482.54","8381.03","153.47","1286.20","32.67"
"897",2022,"Leeds and Grenville","21630.97","21372.12","131.49","2810.33","71.39"
"898",2022,"Lennox and Addington","10598.28","10471.46","126.39","1323.46","33.62"
"899",2022,"Ottawa","57550.85","56862.15","177.64","10100.85","256.58"
"900",2022,"Prescott and Russell","81648.76","80671.68","173.05","13960.24","354.61"
"901",2022,"Renfrew","19635.15","19400.18","122.54","2377.27","60.39"
"902",2022,"Stormont, Dundas and Glengarry","119208.37","117781.82","178.52","21026.93","534.11"
"903",2022,"Algoma","2363.58","2363.58","168.99","399.41","10.15"
"904",2022,"Cochrane","0","0","0","0","0"
"905",2022,"Greater Sudbury","0","0","0","0","0"
"906",2022,"Kenora","0","0","0","0","0"
"907",2022,"Manitoulin","224.83","224.83","119.95","26.97","0.69"
"908",2022,"Nipissing","406.42","406.42","123.21","50.07","1.27"
"909",2022,"Rainy River","2062.36","2062.36","73.89","152.38","3.87"
"910",2022,"Sudbury","368.95","368.95","18.81","6.94","0.18"
"911",2022,"Thunder Bay","1193.32","1193.32","62.05","74.05","1.88"
"912",2022,"Timiskaming","2180.54","2180.54","110.61","241.18","6.13"
"913",2023,"Brant","32548.34","31812.51","184.50","5869.35","149.09"
"914",2023,"Chatham-Kent","194432.07","190036.48","196.11","37268.47","946.67"
"915",2023,"Elgin","149270.17","145895.58","178.87","26096.72","662.89"
"916",2023,"Essex","56651.80","55371.06","192.87","10679.40","271.27"
"917",2023,"Haldimand-Norfolk","93561.89","91446.71","174.68","15973.84","405.76"
"918",2023,"Hamilton","15263.63","14918.56","173.59","2589.75","65.78"
"919",2023,"Lambton","123706.58","120909.90","175.43","21211.28","538.80"
"920",2023,"Middlesex","178939.22","174893.88","181.92","31817.19","808.20"
"921",2023,"Niagara","23490.57","22959.51","166.33","3818.77","97"
"922",2023,"Oxford","106924.77","104507.49","199.80","20880.96","530.40"
"923",2023,"Bruce","82699.37","81257.53","174.45","14175.72","360.08"
"924",2023,"Dufferin","17070.62","16773","162.63","2727.79","69.29"
"925",2023,"Grey","34460.64","33859.83","158.81","5377.25","136.59"
"926",2023,"Halton","6013.98","5909.12","143.93","850.49","21.60"
"927",2023,"Huron","237578.91","233436.80","176.21","41133.43","1044.84"
"928",2023,"Peel","12404.28","12188.01","161.23","1965.12","49.92"
"929",2023,"Perth","149504.15","146897.59","184.55","27109.81","688.63"
"930",2023,"Simcoe","71497.94","70251.40","170.90","12005.81","304.96"
"931",2023,"Waterloo","20628.03","20268.39","181.06","3669.87","93.22"
"932",2023,"Wellington","69703.61","68488.35","174.06","11921.19","302.81"
"933",2023,"Durham","64551.82","64189.67","169.43","10875.53","276.25"
"934",2023,"Haliburton","0","0","0","0","0"
"935",2023,"Hastings","21063.51","20945.34","155.98","3267.08","82.99"
"936",2023,"Kawartha Lakes","26708.35","26558.51","161.73","4295.42","109.11"
"937",2023,"Muskoka","0","0","0","0","0"
"938",2023,"Northumberland","41381.88","41149.72","160.37","6599","167.62"
"939",2023,"Parry Sound","0","0","0","0","0"
"940",2023,"Peterborough","14844.76","14761.48","160.32","2366.62","60.12"
"941",2023,"Prince Edward","20262.88","20149.20","170.02","3425.79","87.02"
"942",2023,"York","17023.43","16927.93","163.36","2765.30","70.24"
"943",2023,"Frontenac","5330.37","5239.95","141.24","740.07","18.80"
"944",2023,"Lanark","10928.28","10742.91","168.02","1804.97","45.85"
"945",2023,"Leeds and Grenville","22756.83","22370.83","146.29","3272.73","83.13"
"946",2023,"Lennox and Addington","10828.76","10645.09","156.66","1667.68","42.36"
"947",2023,"Ottawa","73729.82","72479.21","172.62","12511.02","317.80"
"948",2023,"Prescott and Russell","96867.34","95224.28","169.64","16153.50","410.32"
"949",2023,"Renfrew","16523.65","16243.38","139.21","2261.32","57.44"
"950",2023,"Stormont, Dundas and Glengarry","137479.82","135147.89","170.99","23109","587"
"951",2023,"Algoma","776.39","721.47","166.21","119.92","3.05"
"952",2023,"Cochrane","0","0","0","0","0"
"953",2023,"Greater Sudbury","0","0","0","0","0"
"954",2023,"Kenora","0","0","0","0","0"
"955",2023,"Manitoulin","0","0","0","0","0"
"956",2023,"Nipissing","135.76","126.15","116.28","14.67","0.37"
"957",2023,"Rainy River","1678.77","1560.03","115.42","180.05","4.57"
"958",2023,"Sudbury","70.98","65.96","116.59","7.69","0.20"
"959",2023,"Thunder Bay","517.30","480.71","126.40","60.76","1.54"
"960",2023,"Timiskaming","1387.73","1289.58","108.85","140.37","3.57"
"961",2024,"Brant","39708.68","38842.08","152.33","5916.95","150.30"
"962",2024,"Chatham-Kent","183924.72","179910.76","208.05","37429.70","950.76"
"963",2024,"Elgin","137399.13","134400.54","185.54","24936.97","633.43"
"964",2024,"Essex","54824.10","53627.62","202.39","10853.83","275.70"
"965",2024,"Haldimand-Norfolk","88980.20","87038.30","181.85","15827.83","402.05"
"966",2024,"Hamilton","20595.44","20145.97","171.60","3456.98","87.81"
"967",2024,"Lambton","107164.16","104825.41","172.90","18124.72","460.39"
"968",2024,"Middlesex","177729.18","173850.43","183","31815.13","808.15"
"969",2024,"Niagara","23904.22","23382.53","171.40","4007.84","101.80"
"970",2024,"Oxford","114270.18","111776.36","194.51","21742.05","552.28"
"971",2024,"Bruce","75985.38","73826.64","185.24","13675.85","347.39"
"972",2024,"Dufferin","17205.49","16716.68","162.62","2718.44","69.05"
"973",2024,"Grey","35499.12","34490.59","145.80","5028.84","127.74"
"974",2024,"Halton","8764.34","8515.35","141.76","1207.16","30.66"
"975",2024,"Huron","217481.99","211303.33","193.68","40925.44","1039.56"
"976",2024,"Peel","15390.10","14952.87","135.83","2031.10","51.59"
"977",2024,"Perth","131040.33","127317.48","196.24","24985.15","634.66"
"978",2024,"Simcoe","64649.83","62813.13","168.67","10594.91","269.12"
"979",2024,"Waterloo","24316.70","23625.86","178.46","4216.36","107.10"
"980",2024,"Wellington","64366.72","62538.07","176.29","11024.75","280.04"
"981",2024,"Durham","63898.35","63077.52","164.59","10381.66","263.71"
"982",2024,"Haliburton","0","0","0","0","0"
"983",2024,"Hastings","22426.63","22138.55","156.66","3468.27","88.10"
"984",2024,"Kawartha Lakes","29001.65","28629.10","113.59","3252.06","82.61"
"985",2024,"Muskoka","0","0","0","0","0"
"986",2024,"Northumberland","35369.62","34915.27","161.96","5654.81","143.64"
"987",2024,"Parry Sound","0","0","0","0","0"
"988",2024,"Peterborough","16645.54","16431.71","126.12","2072.35","52.64"
"989",2024,"Prince Edward","17101.33","16881.65","175.89","2969.35","75.43"
"990",2024,"York","17956.88","17726.21","158.55","2810.50","71.39"
"991",2024,"Frontenac","6799.07","6600.38","122.15","806.21","20.48"
"992",2024,"Lanark","8946.87","8685.42","169.16","1469.26","37.32"
"993",2024,"Leeds and Grenville","23973.20","23272.64","142.67","3320.33","84.34"
"994",2024,"Lennox and Addington","12716.59","12344.98","165.19","2039.21","51.80"
"995",2024,"Ottawa","59413.83","57677.60","189.10","10906.58","277.04"
"996",2024,"Prescott and Russell","84181.99","81721.96","153.22","12521.77","318.07"
"997",2024,"Renfrew","20428.12","19831.16","141.37","2803.58","71.21"
"998",2024,"Stormont, Dundas and Glengarry","125740.33","122065.86","185.72","22670.05","575.85"
"999",2024,"Algoma","2481.54","2481.54","170.52","423.15","10.75"
"1000",2024,"Cochrane","0","0","0","0","0"
"1001",2024,"Greater Sudbury","0","0","0","0","0"
"1002",2024,"Kenora","0","0","0","0","0"
"1003",2024,"Manitoulin","310.19","310.19","197.79","61.35","1.56"
"1004",2024,"Nipissing","679.53","679.53","166.95","113.45","2.88"
"1005",2024,"Rainy River","2312.34","2312.34","145.60","336.67","8.55"
"1006",2024,"Sudbury","110.05","110.05","176.34","19.41","0.49"
"1007",2024,"Thunder Bay","1415.47","1415.47","99.15","140.35","3.56"
"1008",2024,"Timiskaming","2390.89","2390.89","105.25","251.63","6.39"
