Year,County,Acres seeded,Acres harvested ,Yield (bushels/acre),Production ('000 bu),Production ('000 tonnes)
2004,Brant,48000,45200,35.59,1608.74,43.78
2004,Chatham-Kent,245800,244800,43.86,10737.91,292.24
2004,Elgin,111300,111300,40.65,4524.39,123.13
2004,Essex,182100,182100,40.73,7417.8,201.88
2004,Haldimand-Norfolk,148900,147500,35.27,5202.62,141.59
2004,Hamilton,28400,27500,32.45,892.24,24.28
2004,Lambton,257100,257100,42.94,11039.11,300.43
2004,Middlesex,158900,156900,41.09,6447.61,175.47
2004,Niagara,61700,60000,37.95,2277.18,61.97
2004,Oxford,84600,83600,41.93,3505.61,95.41
2004,Bruce ,85300,84200,39.15,3296.22,89.71
2004,Dufferin,24600,24000,29.96,719.05,19.57
2004,Grey,23900,23400,32.36,757.24,20.61
2004,Halton,23500,22700,32.59,739.84,20.13
2004,Huron ,162900,162900,44.41,7234.24,196.88
2004,Peel,16100,15300,37.33,571.21,15.55
2004,Perth,89200,89200,43.82,3908.69,106.38
2004,Simcoe,63700,62700,33.63,2108.55,57.38
2004,Waterloo,35400,34600,38.59,1335.21,36.34
2004,Wellington,77800,76600,37.07,2839.42,77.28
2004,Durham,44000,43100,34.24,1475.55,40.16
2004,Haliburton,0,0,0,0,0
2004,Hastings ,11800,11300,37.87,427.98,11.65
2004,Kawartha Lakes,22200,21400,34.52,738.71,20.1
2004,Muskoka ,0,0,0,0,0
2004,Northumberland,30800,30300,38.11,1154.73,31.43
2004,Parry Sound,100,100,30.25,3.02,8.22
2004,Peterborough,9300,8700,34.69,301.77,8.21
2004,Prince Edward,20700,20300,37.23,755.68,20.57
2004,York ,24400,23100,32.4,748.43,20.37
2004,Frontenac,3400,3400,32.48,110.43,3.01
2004,Lanark,4800,4800,32.77,157.31,4.28
2004,Leeds and Grenville,19400,18500,31.82,588.61,16.02
2004,Lennox and Addington,10800,10800,33.95,366.62,9.98
2004,Ottawa,36700,35700,35.58,1270.04,34.56
2004,Prescott and Russell,56700,56700,37.89,2148.29,58.47
2004,Renfrew,6100,6100,32.85,200.36,5.45
2004,"Stormont, Dundas and Glengarry",90300,90300,36.34,3281.45,89.31
2004,Algoma,0,0,0,0,0
2004,Cochrane,0,0,0,0,0
2004,Kenora,100,100,30.06,3.01,8.19
2004,Manitoulin,100,100,30.9,3.09,8.41
2004,Nipissing,1400,1000,27.39,27.39,0.75
2004,Rainy River,200,200,26.13,5.23,0.14
2004,Sudbury,0,0,0,0,0
2004,Greater Sudbury,0,0,0,0,0
2004,Thunder Bay,300,200,30.18,6.04,0.16
2004,Timiskaming,2200,2200,28.9,63.58,1.73
2005,Brant,44700,44700,46,2061,56.1
2005,Chatham-Kent,240300,240300,43,10226,278.3
2005,Elgin,122200,122200,42,5134,139.7
2005,Essex,178400,178400,39,6974,189.8
2005,Haldimand-Norfolk,141800,139900,39,5504,149.8
2005,Hamilton,29100,29100,43,1243,33.8
2005,Lambton,261000,259800,43,11113,302.5
2005,Middlesex,153800,153800,43,6649,180.9
2005,Niagara,60800,60800,36,2186,59.5
2005,Oxford,79800,79800,50,3966,107.9
2005,Bruce ,70400,70400,37,2591,70.5
2005,Dufferin,38400,38400,37,1437,39.1
2005,Grey,18800,18800,36,678,18.5
2005,Halton,23200,23200,32,746,20.3
2005,Huron ,163000,163000,46,7569,206
2005,Peel,21400,21000,38,806,21.9
2005,Perth,83500,83500,49,4123,112.2
2005,Simcoe,77100,77100,36,2772,75.4
2005,Waterloo,34800,34800,43,1503,40.9
2005,Wellington,64800,64800,40,2578,70.2
2005,Durham,42000,42000,35,1473,40.1
2005,Haliburton,0,0,0,0,0
2005,Hastings ,10000,10000,30,302,8.2
2005,Kawartha Lakes,29800,29800,31,934,25.4
2005,Muskoka ,0,0,0,0,0
2005,Northumberland,26800,26800,33,891,24.2
2005,Parry Sound,100,100,36,4,0.1
2005,Peterborough,10900,10900,31,338,9.2
2005,Prince Edward,23000,23000,29,677,18.4
2005,York ,25300,25300,34,858,23.3
2005,Frontenac,4900,4900,30,146,4
2005,Lanark,7600,7600,27,204,5.5
2005,Leeds and Grenville,13300,11400,39,439,12
2005,Lennox and Addington,11200,10000,23,231,6.3
2005,Ottawa,48000,46000,39,1785,48.6
2005,Prescott and Russell,56300,56300,44,2462,67
2005,Renfrew,4300,4300,29,124,3.4
2005,"Stormont, Dundas and Glengarry",101200,99800,42,4171,113.5
2005,Algoma,0,0,0,0,0
2005,Cochrane,0,0,0,0,0
2005,Kenora,0,0,0,0,0
2005,Manitoulin,0,0,0,0,0
2005,Nipissing,500,500,36,18,0.5
2005,Rainy River,100,100,26,3,0.1
2005,Sudbury,0,0,0,0,0
2005,Greater Sudbury,0,0,0,0,0
2005,Thunder Bay,100,100,26,3,0.1
2005,Timiskaming,2300,2300,34,78,2.1
2006,Brant,39897,39400,46,1812.4,49.33
2006,Chatham-Kent,223370,220700,48,10593.6,288.31
2006,Elgin,106611,105300,47,4949.1,134.69
2006,Essex,169888,167800,45,7551,205.5
2006,Haldimand-Norfolk,128675,127100,43,5465.3,148.74
2006,Hamilton,26898,26600,43,1143.8,31.13
2006,Lambton,235701,232900,49,11412.1,310.58
2006,Middlesex,160960,159000,50,7950,216.36
2006,Niagara,61684,60900,45,2740.5,74.58
2006,Oxford,69896,69100,52,3593.2,97.79
2006,Bruce,67128,66300,46,3049.8,83
2006,Dufferin,17669,17500,37,647.5,17.62
2006,Grey,18126,17900,40,716,19.49
2006,Halton,18617,18400,37,680.8,18.53
2006,Huron,164307,162300,49,7952.7,216.44
2006,Peel,16263,16100,37,595.7,16.21
2006,Perth,97736,96600,51,4926.6,134.08
2006,Simcoe,68143,67300,37,2490.1,67.77
2006,Waterloo,25869,25600,44,1126.4,30.66
2006,Wellington,81716,80700,47,3792.9,103.23
2006,Durham,36749,36300,40,1452,39.52
2006,Haliburton,0,0,0,0,0
2006,Hastings,0,12100,35,423.5,11.53
2006,Kawartha Lakes,19219,19000,39,741,20.17
2006,Muskoka,0,0,0,0,0
2006,Northumberland,26562,26200,40,1048,28.52
2006,Parry Sound,0,0,0,0,0
2006,Peterborough,8099,8000,36,288,7.84
2006,Prince Edward,16810,16600,34,564.4,15.36
2006,York,23078,22800,35,798,21.72
2006,Frontenac,4562,4500,36,162,4.41
2006,Lanark,5045,5000,41,205,5.58
2006,Leeds and Grenville,13237,13100,38,497.8,13.55
2006,Lennox and Addington,8185,8100,26,210.6,5.73
2006,Ottawa,38037,37600,48,1804.8,49.12
2006,Prescott and Russell,51632,51000,46,2346,63.85
2006,Renfrew,5229,5200,46,239.2,6.51
2006,"Stormont, Dundas and Glengarry",83678,82700,47,3886.9,105.78
2006,Algoma,0,0,0,0,0
2006,Cochrane,0,0,0,0,0
2006,Greater Sudbury,0,0,0,0,0
2006,Kenora,0,0,0,0,0
2006,Manitoulin,0,0,0,0,0
2006,Nipissing,477,0,0,0,0
2006,Rainy River,0,0,0,0,0
2006,Sudbury,0,0,0,0,0
2006,Thunder Bay,296,0,0,0,0
2006,Timiskaming,2458,0,0,0,0
2007,Brant,40000,39700,26,1032.2,28.09
2007,Chatham-Kent,240000,238400,42,10012.8,272.5
2007,Elgin,100000,99300,34,3376.2,91.88
2007,Essex,210000,208600,42,8761.2,238.44
2007,Haldimand-Norfolk,145000,144000,25,3600,97.98
2007,Hamilton,27000,26800,23,616.4,16.78
2007,Lambton,310000,308000,35,10780,293.38
2007,Middlesex,160000,158900,34,5402.6,147.03
2007,Niagara,65000,64600,19,1227.4,33.4
2007,Oxford,66000,65600,35,2296,62.49
2007,Bruce,68000,67500,29,1957.5,53.27
2007,Dufferin,15000,14900,22,327.8,8.92
2007,Grey,16000,15900,21,333.9,9.09
2007,Halton,17000,16900,18,304.2,8.28
2007,Huron,175000,173800,33,5735.4,156.09
2007,Peel,13000,12900,19,245.1,6.67
2007,Perth,99000,98300,34,3342.2,90.96
2007,Simcoe,64000,63600,24,1526.4,41.54
2007,Waterloo,20000,19900,28,557.2,15.16
2007,Wellington,71000,70500,26,1833,49.89
2007,Durham,25000,24800,23,570.4,15.52
2007,Haliburton,0,0,0,0,0
2007,Hastings,6000,6000,29,174,4.74
2007,Kawartha Lakes,22000,21900,22,481.8,13.11
2007,Muskoka,0,0,0,0,0
2007,Northumberland,23000,22800,26,592.8,16.13
2007,Parry Sound,0,0,0,0,0
2007,Peterborough,8000,7900,24,189.6,5.16
2007,Prince Edward,16000,15900,21,333.9,9.09
2007,York,13000,12900,21,270.9,7.37
2007,Frontenac,4000,4000,28,112,3.05
2007,Lanark,4000,4000,33,132,3.59
2007,Leeds and Grenville,11000,10900,33,359.7,9.79
2007,Lennox and Addington,8000,7900,22,173.8,4.73
2007,Ottawa,36000,35800,41,1467.8,39.95
2007,Prescott and Russell,58000,57600,36,2073.6,56.43
2007,Renfrew,5000,5000,32,160,4.35
2007,"Stormont, Dundas and Glengarry",75000,74500,40,2980,81.1
2007,Algoma,0,0,0,0,0
2007,Cochrane,0,0,0,0,0
2007,Greater Sudbury,0,0,0,0,0
2007,Kenora,0,0,0,0,0
2007,Manitoulin,0,0,0,0,0
2007,Nipissing,0,0,0,0,0
2007,Rainy River,0,0,0,0,0
2007,Sudbury,0,0,0,0,0
2007,Thunder Bay,0,0,0,0,0
2007,Timiskaming,0,0,0,0,0
2008,Brant,32000,31900,47,1499.3,40.8
2008,Chatham-Kent,172000,171700,43,7383.1,200.93
2008,Elgin,82000,81900,44,3603.6,98.07
2008,Essex,179000,178700,35,6254.5,170.22
2008,Haldimand-Norfolk,145000,144800,43,6226.4,169.45
2008,Hamilton,38000,37900,45,1705.5,46.42
2008,Lambton,243000,242500,44.2,10718.5,291.71
2008,Middlesex,152000,151700,49,7433.3,202.3
2008,Niagara,51000,50900,47,2392.3,65.11
2008,Oxford,67000,66900,49,3278.1,89.21
2008,Bruce,72000,71900,42.1,3026.99,82.38
2008,Dufferin,10500,10500,41,430.5,11.72
2008,Grey,16000,16000,40,640,17.42
2008,Halton,21000,21000,42,882,24
2008,Huron,132000,131800,48.2,6352.76,172.89
2008,Peel,22000,22000,45,990,26.94
2008,Perth,91000,90900,48.9,4445.01,120.97
2008,Simcoe,74000,73900,44,3251.6,88.49
2008,Waterloo,15500,15500,48,744,20.25
2008,Wellington,81000,80900,44,3559.6,96.88
2008,Durham,41000,40800,40,1632,44.42
2008,Haliburton,0,0,0,0,0
2008,Hastings,7500,7500,40.9,306.75,8.35
2008,Kawartha Lakes,31000,30900,38,1174.2,31.96
2008,Muskoka,0,0,0,0,0
2008,Northumberland,24000,23900,41,979.9,26.67
2008,Parry Sound,0,0,0,0,0
2008,Peterborough,8000,8000,35,280,7.62
2008,Prince Edward,13000,12900,46,593.4,16.15
2008,York,30000,29900,39,1166.1,31.74
2008,Frontenac,3500,3500,45,157.5,4.29
2008,Lanark,9000,8900,43,382.7,10.42
2008,Leeds and Grenville,16000,15900,43,683.7,18.61
2008,Lennox and Addington,5000,5000,44,220,5.99
2008,Ottawa,52000,51600,43,2218.8,60.39
2008,Prescott and Russell,74000,73500,36,2646,72.01
2008,Renfrew,8000,7900,42,331.8,9.03
2008,"Stormont, Dundas and Glengarry",80000,79500,42,3339,90.87
2008,Algoma,0,0,0,0,0
2008,Cochrane,0,0,0,0,0
2008,Greater Sudbury,0,0,0,0,0
2008,Kenora,0,0,0,0,0
2008,Manitoulin,0,0,0,0,0
2008,Nipissing,0,0,0,0,0
2008,Rainy River,0,0,0,0,0
2008,Sudbury,0,0,0,0,0
2008,Thunder Bay,0,0,0,0,0
2008,Timiskaming,0,0,0,0,0
2009,Brant,52000,51900,41,2128,57.91
2009,Chatham-Kent,200000,199600,47,9381,255.31
2009,Elgin,100000,99800,43,4291,116.78
2009,Essex,165000,164600,47,7736,210.54
2009,Haldimand-Norfolk,160000,159700,40,6388,173.85
2009,Hamilton,28000,28000,40,1120,30.48
2009,Lambton,260000,259500,43,11159,303.7
2009,Middlesex,160000,159800,41,6552,178.31
2009,Niagara,60000,59900,38,2276,61.94
2009,Oxford,130000,129800,44,5711,155.43
2009,Bruce,100000,99800,36,3593,97.78
2009,Dufferin,19000,19000,28,532,14.48
2009,Grey,21000,21000,28,588,16
2009,Halton,16000,16000,36,576,15.68
2009,Huron,175000,174500,38,6631,180.46
2009,Peel,19000,19000,37,703,19.13
2009,Perth,100000,99800,42,4192,114.09
2009,Simcoe,70000,69900,34,2377,64.69
2009,Waterloo,33000,32900,39,1283,34.92
2009,Wellington,75000,74800,35,2618,71.25
2009,Durham,58000,58000,33,1914,52.09
2009,Haliburton,0,0,0,0,0
2009,Hastings,12000,12000,36,432,11.76
2009,Kawartha Lakes,45000,45000,34,1530,41.64
2009,Muskoka,0,0,0,0,0
2009,Northumberland,24000,24000,33,792,21.55
2009,Parry Sound,0,0,0,0,0
2009,Peterborough,10000,10000,32,320,8.71
2009,Prince Edward,23000,23000,33,759,20.66
2009,York,29000,29000,32,928,25.26
2009,Frontenac,4000,4000,40,160,4.35
2009,Lanark,9000,9000,39,351,9.55
2009,Leeds and Grenville,14000,13900,37,514,13.99
2009,Lennox and Addington,9000,9000,39,351,9.55
2009,Ottawa,35000,34800,40,1392,37.88
2009,Prescott and Russell,72000,71600,34,2434,66.24
2009,Renfrew,13000,12900,34,439,11.95
2009,"Stormont, Dundas and Glengarry",95000,94500,42,3969,108.02
2009,Algoma,0,0,0,0,0
2009,Cochrane,0,0,0,0,0
2009,Greater Sudbury,0,0,0,0,0
2009,Kenora,0,0,0,0,0
2009,Manitoulin,0,0,0,0,0
2009,Nipissing,0,0,0,0,0
2009,Rainy River,0,0,0,0,0
2009,Sudbury,0,0,0,0,0
2009,Thunder Bay,0,0,0,0,0
2009,Timiskaming,0,0,0,0,0
2010,Brant,40000,40000,49,1960,53.34
2010,Chatham-Kent,210000,210000,47,9870,268.62
2010,Elgin,120000,120000,46,5520,150.23
2010,Essex,220000,220000,42,9240,251.47
2010,Haldimand-Norfolk,150000,150000,46,6900,187.79
2010,Hamilton,34000,34000,47,1598,43.49
2010,Lambton,300000,300000,40,12000,326.58
2010,Middlesex,140000,140000,45,6300,171.46
2010,Niagara,80000,80000,46,3680,100.15
2010,Oxford,70000,70000,54,3780,102.87
2010,Bruce,100000,99800,49,4890,133.08
2010,Dufferin,14000,14000,45,630,17.15
2010,Grey,17000,17000,45,765,20.82
2010,Halton,19000,19000,42,798,21.72
2010,Huron,160000,159700,50,7985,217.31
2010,Peel,19000,19000,48,912,24.82
2010,Perth,90000,89800,51,4580,124.65
2010,Simcoe,85000,84800,48,4070,110.77
2010,Waterloo,30000,30000,49,1470,40.01
2010,Wellington,85000,84900,47,3990,108.59
2010,Durham,53000,53000,48,2544,69.24
2010,Haliburton,0,0,0,0,0
2010,Hastings,14000,14000,49,686,18.67
2010,Kawartha Lakes,25000,25000,47,1175,31.98
2010,Muskoka,0,0,0,0,0
2010,Northumberland,27000,27000,46,1242,33.8
2010,Parry Sound,0,0,0,0,0
2010,Peterborough,13000,13000,43,559,15.21
2010,Prince Edward,20000,20000,34,680,18.51
2010,York,26000,26000,42,1092,29.72
2010,Frontenac,7000,6900,45,311,8.46
2010,Lanark,10000,9900,51,505,13.74
2010,Leeds and Grenville,16000,15900,47,747,20.33
2010,Lennox and Addington,13000,12900,43,555,15.1
2010,Ottawa,44000,43700,49,2141,58.27
2010,Prescott and Russell,70000,69500,47,3267,88.91
2010,Renfrew,16000,15900,44,700,19.05
2010,"Stormont, Dundas and Glengarry",97000,96300,48,4622,125.79
2010,Algoma,0,0,0,0,0
2010,Cochrane,0,0,0,0,0
2010,Greater Sudbury,0,0,0,0,0
2010,Kenora,0,0,0,0,0
2010,Manitoulin,0,0,0,0,0
2010,Nipissing,0,0,0,0,0
2010,Rainy River,0,0,0,0,0
2010,Sudbury,0,0,0,0,0
2010,Thunder Bay,0,0,0,0,0
2010,Timiskaming,0,0,0,0,0
2011,Brant,44159,27355,46,1258.33,34.25
2011,Chatham-Kent,207404,207404,49,10162.8,276.58
2011,Elgin,100176,100176,47.86,4794.65,130.49
2011,Essex,160530,160530,47,7544.91,205.34
2011,Haldimand-Norfolk,152870,152870,42.6,6512.26,177.23
2011,Hamilton,31828,31828,42,1336.78,36.38
2011,Lambton,236154,236154,46,10863.08,295.64
2011,Middlesex,164463,164463,49.44,8130.38,221.27
2011,Niagara,76938,76938,43.64,3357.51,91.38
2011,Oxford,78480,78480,51.8,4065.26,110.64
2011,Bruce,95924,95924,41.6,3990.44,108.6
2011,Dufferin,16048,16953.83,40.2,681.54,18.55
2011,Grey,31317,28007.23,40.08,1122.55,30.55
2011,Halton,19594,19594,40.1,785.72,21.38
2011,Huron,170504,165979,47,7801.01,212.31
2011,Peel,22676,22676,42.3,959.19,26.1
2011,Perth,106537,106537,46.75,4980.78,135.55
2011,Simcoe,91546,91546,41.2,3771.7,102.65
2011,Waterloo,30749,27871,43.13,1202.06,32.71
2011,Wellington,92119,92119,42.78,3941.27,107.26
2011,Durham,44171,44171,46.1,2036.28,55.42
2011,Haliburton,NA,0,0,0,0
2011,Hastings,20583,20517.71,43.6,894.48,24.34
2011,Kawartha Lakes,29256,29256,45.3,1325.3,36.07
2011,Muskoka,0,0,0,0,0
2011,Northumberland,38999,25076.86,44.6,1118.43,30.44
2011,Parry Sound,NA,0,0,0,0
2011,Peterborough,16480,14933.54,41,612.27,16.66
2011,Prince Edward,19595,19595,34,666.23,18.13
2011,York,24468,24468,40.24,984.51,26.79
2011,Frontenac,8363,8363,39.76,332.5,9.05
2011,Lanark,13808,10081,43.9,442.56,12.04
2011,Leeds and Grenville,25595,25595,44.5,1138.98,31
2011,Lennox and Addington,13941,13941,40.3,561.82,15.29
2011,Ottawa,57224,57224,41.5,2379.07,64.75
2011,Prescott and Russell,81778,81778,39,3189.34,86.8
2011,Renfrew,21638,21638,32.43,701.68,19.1
2011,"Stormont, Dundas and Glengarry",108291,108291,41.9,4537.39,123.49
2011,Algoma,NA,0,0,0,0
2011,Cochrane,332,0,0,0,0
2011,Greater Sudbury,NA,0,0,0,0
2011,Kenora,NA,0,0,0,0
2011,Manitoulin,1093,0,0,0,0
2011,Nipissing,1968,1968,34.95,68.77,0
2011,Rainy River,211,0,0,0,0
2011,Sudbury,483,0,0,0,0
2011,Thunder Bay,680,208.89,26.13,5.46,0
2011,Timiskaming,4827,4827,44.17,213.21,0
2012,Brant,43818.83,43264.08,44.07,1906.48,51.89
2012,Chatham-Kent,265905.82,262539.45,56.45,14820.13,403.33
2012,Elgin,113559.31,112121.65,54.9,6155.25,167.52
2012,Essex,176712.85,174475.66,52.18,9104.69,247.79
2012,Haldimand-Norfolk,138588.6,136834.07,40.16,5495.05,149.55
2012,Hamilton,41817.65,41288.24,44.73,1846.97,50.27
2012,Lambton,262988.84,259659.4,53.45,13878.61,377.71
2012,Middlesex,178323.04,176065.47,52.07,9167.94,249.51
2012,Niagara,122543.36,120991.96,34.39,4160.91,113.24
2012,Oxford,77541.71,76560.03,48.74,3731.87,101.56
2012,Bruce,98769.53,96164.36,42.9,4125.25,112.27
2012,Dufferin,22479.45,21886.52,44.69,978.14,26.62
2012,Grey,37813.87,36816.48,41.7,1535.32,41.78
2012,Halton,25988.05,25302.58,33.28,842.16,22.92
2012,Huron,127271.92,123914.95,46.49,5761.08,156.79
2012,Peel,20895.45,20344.31,45.96,935.09,25.45
2012,Perth,88115.91,85791.74,49.62,4257.26,115.86
2012,Simcoe,109393.38,106507.99,45.5,4845.69,131.88
2012,Waterloo,32154.06,31305.95,42.64,1334.99,36.33
2012,Wellington,89218.38,86865.13,44.54,3869.22,105.3
2012,Durham,36521.08,34123.58,46.21,1576.75,42.91
2012,Haliburton,0,0,0,0,0
2012,Hastings,25612.38,23931,36.52,874.02,23.79
2012,Kawartha Lakes,27481.27,25677.21,38.32,983.97,26.78
2012,Muskoka,0,0,0,0,0
2012,Northumberland,35242.83,32929.24,35.45,1167.22,31.77
2012,Parry Sound,0,0,0,0,0
2012,Peterborough,14864.71,13888.88,33.46,464.74,12.65
2012,Prince Edward,40798.52,38120.21,27.58,1051.47,28.62
2012,York,38133.2,35629.87,49.23,1754.24,47.74
2012,Frontenac,12445.08,11904.92,35.68,424.8,11.56
2012,Lanark,15960.11,15267.38,36.54,557.83,15.18
2012,Leeds and Grenville,32147.41,30752.1,38.87,1195.49,32.54
2012,Lennox and Addington,24565.6,23499.36,30.99,728.16,19.82
2012,Ottawa,67692.36,64754.26,39.81,2577.62,70.15
2012,Prescott and Russell,64635.62,61830.19,41.51,2566.73,69.85
2012,Renfrew,28954.35,27697.63,27.89,772.57,21.03
2012,"Stormont, Dundas and Glengarry",103799.46,99294.17,46.16,4583.8,124.75
2012,Algoma,0,0,0,0,0
2012,Cochrane,0,0,0,0,0
2012,Greater Sudbury,0,0,0,0,0
2012,Kenora,0,0,0,0,0
2012,Manitoulin,523.49,508.95,34.99,17.81,0.48
2012,Nipissing,1135.36,1103.83,31.57,34.85,0.95
2012,Rainy River,0,0,0,0,0
2012,Sudbury,0,0,0,0,0
2012,Thunder Bay,1098.36,1067.85,36.49,38.96,1.06
2012,Timiskaming,4540.77,4414.64,40.07,176.88,4.81
2013,Brant,46619.96,46589.68,42.36,1973.49,53.71
2013,Chatham-Kent,187609.03,187487.18,47.36,8880.26,241.68
2013,Elgin,106732.72,106663.4,44.71,4769.06,129.79
2013,Essex,120987.73,120909.15,48,5803.62,157.95
2013,Haldimand-Norfolk,148802.46,148705.81,39.71,5904.91,160.7
2013,Hamilton,14158.82,14149.62,46.63,659.8,17.96
2013,Lambton,270973.75,270797.75,45.82,12407.64,337.68
2013,Middlesex,167725.84,167616.9,45.42,7612.68,207.18
2013,Niagara,63612.21,63570.9,41.78,2655.84,72.28
2013,Oxford,104477.48,104409.62,49.88,5207.69,141.73
2013,Bruce,125938.75,125379.59,45.87,5750.97,156.51
2013,Dufferin,15671.11,15601.53,41.41,646.13,17.58
2013,Grey,33753.33,33603.47,39.31,1320.81,35.95
2013,Halton,5479.87,5455.54,46.5,253.71,6.9
2013,Huron,215768.49,214810.48,49.39,10608.43,288.71
2013,Peel,19650.58,19563.33,43.25,846.11,23.03
2013,Perth,90718.48,90315.69,46.5,4199.71,114.3
2013,Simcoe,79332.14,78979.91,43.44,3430.54,93.36
2013,Waterloo,26973.81,26854.04,46.83,1257.52,34.22
2013,Wellington,84913.43,84536.42,45.34,3833.1,104.32
2013,Durham,42969.61,42821.87,42.65,1826.35,49.7
2013,Haliburton,0,0,0,0,0
2013,Hastings,13420.1,13373.96,44.33,592.9,16.14
2013,Kawartha Lakes,37250.99,37122.92,37.55,1393.83,37.93
2013,Muskoka,0,0,0,0,0
2013,Northumberland,44635.75,44482.29,44.09,1961.17,53.37
2013,Parry Sound,511.13,509.38,41.1,20.94,0.57
2013,Peterborough,13840.29,13792.71,40.3,555.87,15.13
2013,Prince Edward,19395.85,19329.17,43,831.18,22.62
2013,York,31576.27,31467.71,41.94,1319.75,35.92
2013,Frontenac,18242.49,18227.25,34.23,623.87,16.98
2013,Lanark,19101.87,19085.91,46.85,894.15,24.33
2013,Leeds and Grenville,35336,35306.49,47.39,1673.22,45.54
2013,Lennox and Addington,6633.54,6628,35.18,233.14,6.35
2013,Ottawa,42369.95,42334.56,46.13,1953.07,53.15
2013,Prescott and Russell,125893.97,125788.82,45.2,5686.01,154.75
2013,Renfrew,21538.87,21520.88,40.05,861.99,23.46
2013,"Stormont, Dundas and Glengarry",90083.32,90008.09,49.32,4439.54,120.82
2013,Algoma,899.11,898.36,36.74,33,0.9
2013,Cochrane,0,0,0,0,0
2013,Greater Sudbury,0,0,0,0,0
2013,Kenora,485.1,484.7,40.88,19.81,0.54
2013,Manitoulin,314.69,314.43,34.99,11,0.3
2013,Nipissing,740.2,739.58,35.09,25.95,0.71
2013,Rainy River,0,0,0,0,0
2013,Sudbury,0,0,0,0,0
2013,Thunder Bay,0,0,0,0,0
2013,Timiskaming,4865.64,4861.58,24.59,119.55,3.25
2014,Brant,50966.8,50900,45,2291,62.35
2014,Chatham-Kent,226852.21,226700,51,11562,314.66
2014,Elgin,121920.57,121800,48,5846,159.1
2014,Essex,183880.21,183800,51,9374,255.12
2014,Haldimand-Norfolk,183880.21,183800,44,8087,220.09
2014,Hamilton,47968.75,47900,44,2108,57.37
2014,Lambton,303802.08,303600,34.4,10444,284.24
2014,Middlesex,197871.09,197800,45,8901,242.24
2014,Niagara,89941.41,89900,47,4225,114.98
2014,Oxford,104931.64,104900,52,5455,148.46
2014,Bruce,123919.27,123300,47,5795,157.71
2014,Dufferin,17988.28,17900,44,788,21.45
2014,Grey,51966.15,51800,43,2227,60.61
2014,Halton,16988.93,16900,44,744,20.25
2014,Huron,177884.11,177100,49,8678,236.17
2014,Peel,31979.17,31800,47,1495,40.69
2014,Perth,129915.36,129300,50,6465,175.95
2014,Simcoe,111927.08,111400,47,5236,142.5
2014,Waterloo,39973.96,39800,48,1910,51.98
2014,Wellington,126917.32,126400,47,5941,161.69
2014,Durham,64957.68,64800,44,2851,77.59
2014,Haliburton,0,0,0,0,0
2014,Hastings,28981.12,28900,44,1272,34.62
2014,Kawartha Lakes,36975.91,36900,44,1624,44.2
2014,Muskoka,0,0,0,0,0
2014,Northumberland,45970.05,45900,43,1974,53.72
2014,Parry Sound,0,0,0,0,0
2014,Peterborough,30979.82,30900,39,1205,32.79
2014,Prince Edward,29980.47,29900,34,1017,27.68
2014,York,30979.82,30900,42,1298,35.33
2014,Frontenac,16988.93,16900,44,744,20.25
2014,Lanark,21985.68,21900,44,964,26.24
2014,Leeds and Grenville,40973.31,40700,42,1709,46.51
2014,Lennox and Addington,20986.33,20900,43,899,24.47
2014,Ottawa,67955.73,67500,46,3105,84.5
2014,Prescott and Russell,89000,88500,45,3983,108.4
2014,Renfrew,43971.35,43700,42,1835,49.94
2014,"Stormont, Dundas and Glengarry",144905.6,144000,47,6768,184.19
2014,Algoma,0,0,0,0,0
2014,Cochrane,0,0,0,0,0
2014,Greater Sudbury,1000,1000,37.5,38,1.03
2014,Kenora,0,0,0,0,0
2014,Manitoulin,0,0,0,0,0
2014,Nipissing,0,0,0,0,0
2014,Rainy River,0,0,0,0,0
2014,Sudbury,0,0,0,0,0
2014,Thunder Bay,1000,1000,28,28,0.76
2014,Timiskaming,7000,7000,38.6,270,7.35
2015,Brant,37973.81,37973.81,43.1,1637,44.55
2015,Chatham-Kent,224844.93,224844.93,48.68,10945,297.87
2015,Elgin,119917.3,119917.3,43,5156,140.32
2015,Essex,178876.64,178876.64,45,8049,219.06
2015,Haldimand-Norfolk,171881.46,171881.46,38,6531,177.74
2015,Hamilton,32977.26,32977.26,41,1352,36.8
2015,Lambton,327773.95,327773.95,45.9,15045,409.45
2015,Middlesex,172880.77,172880.77,46,7953,216.44
2015,Niagara,87939.35,87939.35,39.1,3438,93.57
2015,Oxford,91936.6,91936.6,45,4137,112.59
2015,Bruce,97932.46,97932.46,47.8,4681,127.39
2015,Dufferin,19986.22,19986.22,41.5,829,22.56
2015,Grey,30978.64,30978.64,44.5,1379,37.53
2015,Halton,19986.22,19986.22,36,720,19.6
2015,Huron,185871.81,185871.81,47.3,8792,239.28
2015,Peel,26981.39,26981.39,39.6,1068,29.07
2015,Perth,106926.26,106926.26,49,5239,142.58
2015,Simcoe,124913.85,124913.85,45.3,5659,154.01
2015,Waterloo,29979.32,29979.32,46,1379,37.53
2015,Wellington,137904.89,137904.89,46.9,6468,176.03
2015,Durham,56960.72,56960.72,40.1,2284,62.16
2015,Haliburton,0,0,0,0,0
2015,Hastings,0,0,0,0,0
2015,Kawartha Lakes,28980.01,28980.01,39.8,1153,31.38
2015,Muskoka,0,0,0,0,0
2015,Northumberland,60957.96,60957.96,40.3,2457,66.87
2015,Parry Sound,0,0,0,0,0
2015,Peterborough,40971.74,40971.74,39.4,1614,43.93
2015,Prince Edward,30978.64,30978.64,41.8,1295,35.24
2015,York,24982.77,24982.77,38.4,959,26.1
2015,Frontenac,7994.49,7994,41.1,329,8.95
2015,Lanark,15988.97,15980,47.6,761,20.71
2015,Leeds and Grenville,37973.81,37974,46.6,1770,48.17
2015,Lennox and Addington,15988.97,15988.97,41.6,665,18.1
2015,Ottawa,54962.1,54962.1,54.9,3017,82.11
2015,Prescott and Russell,110923.5,110923.5,52,5768,156.98
2015,Renfrew,34975.88,34975.88,48,1679,45.69
2015,"Stormont, Dundas and Glengarry",133907.65,133907.65,54.4,7285,198.26
2015,Algoma,371.33,371,26,9.65,0.26
2015,Cochrane,0,0,0,0,0
2015,Greater Sudbury,676.35,676,28,18.93,0.52
2015,Kenora,0,0,0,0,0
2015,Manitoulin,278.5,278,25,6.95,0.19
2015,Nipissing,1746.12,1700,39.5,67.15,1.83
2015,Rainy River,0,0,33,0,0
2015,Sudbury,0,0,39,0,0
2015,Thunder Bay,333.75,300,33,9.9,0.27
2015,Timiskaming,11683.55,11684,34,397.26,10.81
2016,Brant,49100,49100,43.55,2138.3,58.19
2016,Chatham-Kent,202700,202700,53.79,10902.6,296.72
2016,Elgin,108300,108300,56.38,6106,166.18
2016,Essex,207600,207600,52.03,10801.3,293.96
2016,Haldimand-Norfolk,146800,145700,32.71,4765.4,129.69
2016,Hamilton,23700,23300,40.15,935.5,25.46
2016,Lambton,242200,242200,53.55,12970.6,353
2016,Middlesex,150200,150200,53.39,8019.9,218.26
2016,Niagara,67600,66700,33.51,2235.2,60.83
2016,Oxford,126600,126600,52.77,6681.1,181.83
2016,Bruce,79800,79800,46.49,3710.2,100.97
2016,Dufferin,30600,30400,37.48,1139.4,31.01
2016,Grey,42800,42800,39.84,1705.2,46.41
2016,Halton,14170,14200,34.78,493.9,13.44
2016,Huron,192070,192100,49.06,9423.8,256.47
2016,Peel,17600,17000,26,442,12.03
2016,Perth,116370,116400,52.15,6069.9,165.19
2016,Simcoe,128570,128600,36.88,4743.4,129.09
2016,Waterloo,28610,28600,42.76,1222.9,33.28
2016,Wellington,116540,116500,46.13,5374.3,146.26
2016,Durham,61900,61900,36.44,2255.6,61.39
2016,Haliburton,0,0,0,0,0
2016,Hastings,16300,16200,30.25,490,13.34
2016,Kawartha Lakes,32600,32400,31.91,1033.9,28.14
2016,Muskoka,0,0,0,0,0
2016,Northumberland,42300,42300,31.79,1344.9,36.6
2016,Parry Sound,0,0,0,0,0
2016,Peterborough,25100,25100,25.9,650.1,17.69
2016,Prince Edward,18900,14400,21.36,307.6,8.37
2016,York,17790,17800,39.27,698.98,19.02
2016,Frontenac,9740,9740,25.15,244.98,6.67
2016,Lanark,9210,9210,43.25,398.37,10.84
2016,Leeds and Grenville,40390,40120,39.82,1597.72,43.48
2016,Lennox and Addington,25930,24240,29.81,722.53,19.66
2016,Ottawa,48960,48940,46.02,2252.41,61.3
2016,Prescott and Russell,85350,85350,46.8,3994,108.7
2016,Renfrew,26930,26930,43.99,1184.58,32.24
2016,"Stormont, Dundas and Glengarry",131970,131950,45.35,5984.41,162.87
2016,Algoma,0,0,0,0,0
2016,Cochrane,0,0,0,0,0
2016,Greater Sudbury,0,0,0,0,0
2016,Kenora,0,0,0,0,0
2016,Manitoulin,0,0,0,0,0
2016,Nipissing,2750,2740,48.33,132.42,3.6
2016,Rainy River,0,0,0,0,0
2016,Sudbury,0,0,0,0,0
2016,Thunder Bay,740,740,42.8,31.67,0.86
2016,Timiskaming,21210,21220,37.41,793.91,21.61
2017,Brant,67900,67577,47.26,3194,86.93
2017,Chatham-Kent,224400,223333,50.24,11219.3,305.34
2017,Elgin,101100,100619,44.6,4487.3,122.12
2017,Essex,182900,182030,52.46,9549.1,259.88
2017,Haldimand-Norfolk,155100,154363,44.23,6827.8,185.82
2017,Hamilton,39200,39014,49.97,1949.4,53.05
2017,Lambton,304500,303052,50.58,15329.4,417.19
2017,Middlesex,200200,199248,44.8,8926.1,242.93
2017,Niagara,91000,90567,46.4,4202.3,114.37
2017,Oxford,106100,105596,51.68,5457.3,148.52
2017,Bruce,121700,121158,42.43,5140.4,139.9
2017,Dufferin,29000,28871,40.6,1172.2,31.9
2017,Grey,53900,53660,44.83,2405.4,65.46
2017,Halton,23700,23595,35.29,832.7,22.66
2017,Huron,169000,168248,51.63,8686.4,236.4
2017,Peel,32200,32057,48.31,1548.7,42.15
2017,Perth,122900,122353,50.57,6187.9,168.41
2017,Simcoe,143400,142762,40.41,5768.6,156.99
2017,Waterloo,31800,31658,47.61,1507.1,41.02
2017,Wellington,103700,103238,43.69,4510.6,122.76
2017,Durham,46100,46060,39.6,1824.2,49.65
2017,Haliburton,100,100,44,4.4,0.12
2017,Hastings,24100,24079,39.9,960.8,26.15
2017,Kawartha Lakes,47200,47159,40.26,1898.4,51.67
2017,Muskoka,0,0,0,0,0
2017,Northumberland,48900,48858,40.21,1964.6,53.47
2017,Parry Sound,200,200,44,8.8,0.24
2017,Peterborough,17500,17485,36.63,640.4,17.43
2017,Prince Edward,24000,23979,33.74,809,22.02
2017,York,22600,22580,37.3,842.3,22.92
2017,Frontenac,8910,8841,41.81,369.68,10.06
2017,Lanark,23850,23665,36.96,874.59,23.8
2017,Leeds and Grenville,42260,41933,37.08,1554.85,42.32
2017,Lennox and Addington,16360,16233,47.53,771.59,21
2017,Ottawa,66500,65985,38.96,2570.6,69.96
2017,Prescott and Russell,111550,110686,37.02,4097.83,111.52
2017,Renfrew,30240,30006,39.78,1193.57,32.48
2017,"Stormont, Dundas and Glengarry",204031,202451,45.07,9124.29,248.32
2017,Algoma,100,100,33.4,3.34,9.09
2017,Cochrane,0,0,0,0,0
2017,Greater Sudbury,600,597,27.99,16.71,0.45
2017,Kenora,100,100,33.4,3.34,9.09
2017,Manitoulin,0,0,0,0,0
2017,Nipissing,2700,2687,37.26,100.11,2.72
2017,Rainy River,8000,7961,31.57,251.36,6.84
2017,Sudbury,300,299,27.93,8.35,0.23
2017,Thunder Bay,600,597,27.99,16.71,0.45
2017,Timiskaming,24500,24380,28.26,689.08,18.75
2018,Brant,53900,53708,50.27,2700,73.48
2018,Chatham-Kent,267100,266147,52.23,13900,378.29
2018,Elgin,121900,121465,51.87,6300,171.46
2018,Essex,182400,181749,48.97,8900,242.22
2018,Haldimand-Norfolk,130400,129935,60.03,7800,212.28
2018,Hamilton,32200,32085,46.75,1500,40.82
2018,Lambton,299400,298332,50.95,15200,413.67
2018,Middlesex,211000,210247,54.7,11500,312.98
2018,Niagara,60800,60583,46.22,2800,76.2
2018,Oxford,126500,126049,56.33,7100,193.23
2018,Bruce,112200,111634,52.85,5900,160.57
2018,Dufferin,24900,24774,52.47,1300,35.38
2018,Grey,55100,54822,47.43,2600,70.76
2018,Halton,22500,22387,49.14,1100,29.94
2018,Huron,256600,255306,53.66,13700,372.85
2018,Peel,23700,23581,42.41,1000,27.22
2018,Perth,103700,103177,56.21,5800,157.85
2018,Simcoe,104800,104272,49.87,5200,141.52
2018,Waterloo,33900,33729,56.33,1900,51.71
2018,Wellington,95700,95218,53.56,5100,138.8
2018,Durham,65000,65000,49.23,3200,87.09
2018,Haliburton,0,0,0,0,0
2018,Hastings,25300,25300,43.48,1100,29.94
2018,Kawartha Lakes,45400,45400,46.26,2100,57.15
2018,Muskoka,0,0,0,0,0
2018,Northumberland,44000,44000,43.18,1900,51.71
2018,Parry Sound,0,0,0,0,0
2018,Peterborough,20600,20600,38.83,800,21.77
2018,Prince Edward,18900,18900,42.33,800,21.77
2018,York,19200,19200,46.98,902,24.55
2018,Frontenac,12600,12450,37.19,463,12.6
2018,Lanark,19500,19268,49.88,961,26.15
2018,Leeds and Grenville,37700,37251,45.02,1677,45.64
2018,Lennox and Addington,12400,12252,45.63,559,15.21
2018,Ottawa,75500,74600,52.21,3895,106
2018,Prescott and Russell,110000,108689,48.59,5281,143.72
2018,Renfrew,29300,28951,46.39,1343,36.55
2018,"Stormont, Dundas and Glengarry",139200,137541,49.53,6813,185.42
2018,Algoma,700,697,0,0,0
2018,Cochrane,0,0,0,0,0
2018,Greater Sudbury,0,0,0,0,0
2018,Kenora,0,0,0,0,0
2018,Manitoulin,500,498,34.1,17,0.46
2018,Nipissing,3600,3582,42.99,154,4.19
2018,Rainy River,3500,3483,46.51,162,4.41
2018,Sudbury,100,100,0,0,0
2018,Thunder Bay,600,597,0,0,0
2018,Timiskaming,9900,9851,43.95,433,11.78
2019,Brant,44500,44210,47.19,2086.11,56.77
2019,Chatham-Kent,308300,306300,51,15621.3,425.14
2019,Elgin,150700,149720,48.09,7200,195.95
2019,Essex,236100,234570,47.75,11200.24,304.82
2019,Haldimand-Norfolk,118500,117730,48.42,5700,155.13
2019,Hamilton,31000,30800,44,1355.2,36.88
2019,Lambton,335500,333320,43.34,14446.09,393.16
2019,Middlesex,244100,242510,48.96,11874.42,323.17
2019,Niagara,56600,56230,43,2417.89,65.8
2019,Oxford,105200,104520,53.58,5600.21,152.41
2019,Bruce,101700,101440,39,3956.16,107.67
2019,Dufferin,21400,21350,38.8,828.38,22.54
2019,Grey,49700,49580,35.89,1779.2,48.42
2019,Halton,18000,17960,35,628.6,17.11
2019,Huron,224800,224230,44,9866.12,268.51
2019,Peel,23600,23540,38,894.52,24.34
2019,Perth,134600,134260,49.97,6708.97,182.59
2019,Simcoe,121000,120700,33,3983.1,108.4
2019,Waterloo,33700,33620,48,1613.76,43.92
2019,Wellington,103400,103140,45,4641.3,126.31
2019,Durham,53700,52560,32.34,1700,46.27
2019,Haliburton,0,0,0,0,0
2019,Hastings,29800,29170,27.43,800.08,21.77
2019,Kawartha Lakes,35200,34450,24.4,840.58,22.88
2019,Muskoka,0,0,0,0,0
2019,Northumberland,41500,40620,36.93,1500.04,40.82
2019,Parry Sound,0,0,0,0,0
2019,Peterborough,14100,13800,28.9,398.82,10.85
2019,Prince Edward,19100,18700,26.75,500.13,13.61
2019,York,16600,16250,34.4,559.07,15.22
2019,Frontenac,14200,13950,28,390.6,10.63
2019,Lanark,11900,11600,34,394.4,10.73
2019,Leeds and Grenville,33600,33000,33.46,1104.18,30.05
2019,Lennox and Addington,12800,12580,28.9,363.56,9.89
2019,Ottawa,66400,65240,45,2935.8,79.9
2019,Prescott and Russell,109500,107590,39,4196.01,114.2
2019,Renfrew,28000,27510,31.5,866.57,23.58
2019,"Stormont, Dundas and Glengarry",137200,135010,46.2,6237.46,169.75
2019,Algoma,0,0,0,0,0
2019,Cochrane,0,0,0,0,0
2019,Greater Sudbury,400,400,0,0,0
2019,Kenora,0,0,0,0,0
2019,Manitoulin,0,0,0,0,0
2019,Nipissing,2100,2080,36.01,74.89,2.04
2019,Rainy River,3000,2980,41.67,124.17,3.38
2019,Sudbury,0,0,0,0,0
2019,Thunder Bay,0,0,0,0,0
2019,Timiskaming,9900,9820,26.98,264.97,7.21
2020,Brant,52400,52115,42.21,2200,59.87
2020,Chatham-Kent,242800,241481,54.75,13220,359.79
2020,Elgin,147700,146898,53.78,7900,215
2020,Essex,168000,167088,53.09,8870,241.4
2020,Haldimand-Norfolk,196600,195532,40.91,8000,217.72
2020,Hamilton,33000,32821,39.61,1300,35.38
2020,Lambton,221600,220396,53.99,11900,323.86
2020,Middlesex,198000,196925,54.69,10770,293.11
2020,Niagara,69500,69122,36.75,2540,69.13
2020,Oxford,106400,105822,51.97,5500,149.68
2020,Bruce,97700,97293,55.5,5400,146.96
2020,Dufferin,30900,30771,52,1600,43.54
2020,Grey,48200,47999,51.04,2450,66.68
2020,Halton,17700,17626,44.82,790,21.5
2020,Huron,192000,191199,57.01,10900,296.65
2020,Peel,25100,24995,48.01,1200,32.66
2020,Perth,111300,110836,57.11,6330,172.27
2020,Simcoe,115100,114620,52.35,6000,163.29
2020,Waterloo,36100,35949,50.07,1800,48.99
2020,Wellington,93300,92912,53.81,5000,136.08
2020,Durham,49100,48800,45.7,2230,60.69
2020,Haliburton,0,0,0,0,0
2020,Hastings,24400,24200,43.8,1060,28.85
2020,Kawartha Lakes,23700,23500,42.98,1010,27.49
2020,Muskoka,0,0,0,0,0
2020,Northumberland,49100,48800,42.42,2070,56.34
2020,Parry Sound,0,0,0,0,0
2020,Peterborough,18800,18700,40.11,750,20.41
2020,Prince Edward,16600,16500,33.94,560,15.24
2020,York,20000,19900,45.23,900,24.49
2020,Frontenac,12400,12280,45.85,563,15.32
2020,Lanark,11000,10890,52.16,568,15.46
2020,Leeds and Grenville,35500,35140,45.96,1615,43.95
2020,Lennox and Addington,19800,19600,44.49,872,23.73
2020,Ottawa,82700,81860,47.75,3909,106.38
2020,Prescott and Russell,86500,85620,47.33,4052,110.28
2020,Renfrew,25900,25640,46.68,1197,32.58
2020,"Stormont, Dundas and Glengarry",141300,139870,51.93,7264,197.69
2020,Algoma,0,0,0,0,0
2020,Cochrane,0,0,0,0,0
2020,Greater Sudbury,0,0,0,0,0
2020,Kenora,0,0,0,0,0
2020,Manitoulin,0,0,0,0,0
2020,Nipissing,3000,2980,30.2,90,2.45
2020,Rainy River,7000,6960,41.67,290,7.89
2020,Sudbury,0,0,0,0,0
2020,Thunder Bay,0,0,0,0,0
2020,Timiskaming,15000,14900,40.27,600,16.33
2021,Brant,69436.4,67186.54,53.26,3578.24,97.33
2021,Chatham-Kent,225072.98,223915.57,54.39,12179.39,331.28
2021,Elgin,112623.24,112180.3,53.92,6049.1,164.54
2021,Essex,239513.77,233727.01,56.43,13189.7,358.76
2021,Haldimand-Norfolk,115821.67,113473.2,49.96,5668.78,154.19
2021,Hamilton,15660.73,14645.66,56.09,821.55,22.35
2021,Lambton,191694.34,190335.16,52.48,9989.11,271.7
2021,Middlesex,254805.98,250862.21,55.11,13826.05,376.07
2021,Niagara,68877.5,68608.65,49.43,3391.05,92.24
2021,Oxford,94193.39,92065.71,55.85,5142.03,139.86
2021,Bruce,115216.94,114700.22,50.36,5776.28,157.11
2021,Dufferin,36204.62,36114.61,50.38,1819.53,49.49
2021,Grey,90197.99,89956.73,51.24,4609.58,125.38
2021,Halton,19697.7,19673.98,46.38,912.41,24.82
2021,Huron,178502.75,178100.28,54.9,9777.12,265.94
2021,Peel,21683.53,21494.32,47.9,1029.59,28
2021,Perth,98014.54,97886.36,57.12,5591.58,152.09
2021,Simcoe,92850.62,92706.12,50.76,4705.51,127.99
2021,Waterloo,57710.84,57187.9,54.05,3091.29,84.08
2021,Wellington,110320.47,108179.47,52.23,5650.12,153.68
2021,Durham,57603.77,57589.48,45.38,2613.51,71.09
2021,Haliburton,0,0,0,0,0
2021,Hastings,26649.07,26648.06,44.25,1179.19,32.07
2021,Kawartha Lakes,43783.58,43781.92,44.87,1964.61,53.44
2021,Muskoka,0,0,0,0,0
2021,Northumberland,47050.14,47037.52,43.64,2052.69,55.83
2021,Parry Sound,0,0,0,0,0
2021,Peterborough,22542.39,22536.69,44.35,999.54,27.19
2021,Prince Edward,19315.82,19312.67,42.89,828.29,22.53
2021,York,27355.25,27293.66,44.16,1205.17,32.78
2021,Frontenac,18299.37,18279.54,45.04,823.4,22.4
2021,Lanark,13503.51,13460.36,49.1,660.95,17.98
2021,Leeds and Grenville,44853.34,44765.11,47.68,2134.47,58.06
2021,Lennox and Addington,23752.43,23593.97,45.79,1080.26,29.38
2021,Ottawa,63393.49,63106.01,49.04,3094.43,84.17
2021,Prescott and Russell,103835.23,99315.1,46.78,4645.84,126.37
2021,Renfrew,41825.07,41592.77,45.02,1872.47,50.93
2021,"Stormont, Dundas and Glengarry",140937.55,140487.15,48.6,6828.19,185.73
2021,Algoma,522.51,520.94,36.83,19.18,0.52
2021,Cochrane,227.53,226.84,36.83,8.35,0.23
2021,Greater Sudbury,0,0,0,0,0
2021,Kenora,0,0,0,0,0
2021,Manitoulin,33.22,33.12,36.83,1.22,3.32
2021,Nipissing,2605.5,2597.65,36.83,95.67,2.6
2021,Rainy River,6279.18,6260.26,36.83,230.55,6.27
2021,Sudbury,419.82,418.56,36.83,15.41,0.42
2021,Thunder Bay,75.51,75.28,36.83,2.77,7.54
2021,Timiskaming,23036.73,22967.35,36.83,845.84,23.01
2022,Brant,48987.71,48856.08,42.27,2064.99,56.2
2022,Chatham-Kent,290997.23,290215.29,51.49,14942.15,406.66
2022,Elgin,129457.6,129109.74,57.43,7414.49,201.79
2022,Essex,246265.56,245603.83,51.35,12612.23,343.25
2022,Haldimand-Norfolk,0,0,0,0,0
2022,Hamilton,37259.81,37159.69,39.58,1470.82,40.03
2022,Lambton,337042.72,336137.06,45.54,15306.63,416.57
2022,Middlesex,205301.28,204749.62,51.61,10567.99,287.61
2022,Niagara,118604.6,118285.9,45.81,5418.15,147.46
2022,Oxford,74683.48,74482.79,52.35,3899.54,106.13
2022,Bruce,120960.05,119395.42,50.5,6029.12,164.08
2022,Dufferin,34478.59,34032.61,44.92,1528.82,41.61
2022,Grey,52724.92,52042.92,47.09,2450.78,66.7
2022,Halton,27510.52,27154.67,25.03,679.72,18.5
2022,Huron,230314.02,227334.89,52.8,12002.91,326.66
2022,Peel,30474.05,30079.87,33.94,1021.04,27.79
2022,Perth,120354.64,118797.84,51.28,6091.68,165.79
2022,Simcoe,113027.75,111565.73,43.63,4867.78,132.48
2022,Waterloo,23200.33,22900.23,42.97,983.92,26.78
2022,Wellington,97355.13,96095.83,48.4,4651.23,126.58
2022,Durham,53469.75,52196.66,46.3,2416.9,65.78
2022,Haliburton,0,0,0,0,0
2022,Hastings,34441.1,33621.08,38.33,1288.61,35.07
2022,Kawartha Lakes,45393.42,44312.62,44.3,1962.95,53.42
2022,Muskoka,0,0,0,0,0
2022,Northumberland,40125.5,39170.13,41.95,1643.14,44.72
2022,Parry Sound,0,0,0,0,0
2022,Peterborough,26877.1,26237.17,41.31,1083.94,29.5
2022,Prince Edward,27559.17,26903,36.92,993.23,27.03
2022,York,28333.96,27659.34,47.55,1315.23,35.79
2022,Frontenac,18035.7,18019.85,29.99,540.49,14.71
2022,Lanark,15747.26,15733.43,46.07,724.84,19.73
2022,Leeds and Grenville,32590.48,32561.85,43.75,1424.42,38.77
2022,Lennox and Addington,23729.3,23708.46,35.31,837.05,22.78
2022,Ottawa,73519.41,73454.82,54.83,4027.38,109.61
2022,Prescott and Russell,116555.6,116453.2,41.98,4888.47,133.04
2022,Renfrew,31696.49,31668.65,39.95,1265.27,34.43
2022,"Stormont, Dundas and Glengarry",143425.74,143299.74,51.17,7333.08,199.57
2022,Algoma,1746.35,1646.73,30.73,50.6,1.38
2022,Cochrane,56.58,53.36,0,1.64,4.45
2022,Greater Sudbury,664.59,626.68,0,21.65,0.59
2022,Kenora,0,0,0,0,0
2022,Manitoulin,26.63,25.11,30.28,0.76,2.07
2022,Nipissing,2286.67,2156.23,48.8,105.22,2.86
2022,Rainy River,3063.32,2888.57,52.97,153,4.16
2022,Sudbury,0,0,0,0,0
2022,Thunder Bay,0,0,0,0,0
2022,Timiskaming,21955.85,20703.34,36.09,747.13,20.33
2023,Brant,42481.49,42072.17,48.96,2059.99,41.84
2023,Chatham-Kent,264419,261871.26,54.01,14144.86,287.28
2023,Elgin,208710.57,206699.6,52.69,10891,221.2
2023,Essex,118698.37,117554.68,48.69,5724.03,116.25
2023,Haldimand-Norfolk,170426.74,168784.64,45.53,7684.07,156.06
2023,Hamilton,30275.35,29983.64,47.69,1429.87,29.04
2023,Lambton,271582.88,268966.12,45.39,12208.82,247.96
2023,Middlesex,183351.91,181585.28,47.47,8620.68,175.09
2023,Niagara,94823.25,93909.61,43.02,4040.14,82.06
2023,Oxford,73826.56,73115.22,53.22,3890.98,79.03
2023,Bruce,119287.22,118811.4,53.3,6332.54,128.61
2023,Dufferin,30503.01,30381.34,49.3,1497.86,30.42
2023,Grey,53054.6,52842.97,49.3,2604.96,52.91
2023,Halton,25521.16,25419.36,47.6,1209.91,24.57
2023,Huron,232166.56,231240.48,54,12486.72,339.83
2023,Peel,29675.68,29557.31,48.63,1437.46,39.12
2023,Perth,114663.89,114206.51,55.25,6309.39,171.71
2023,Simcoe,107355.25,106927.03,49.22,5263.15,143.24
2023,Waterloo,24303.47,24206.52,56.41,1365.49,37.16
2023,Wellington,92534.18,92165.08,52.15,4806.72,130.82
2023,Durham,60562.97,59739.7,48.66,2907.07,79.12
2023,Haliburton,0,0,0,0,0
2023,Hastings,31440.44,31013.05,46.38,1438.35,39.15
2023,Kawartha Lakes,41761.67,41193.98,45.12,1858.56,50.58
2023,Muskoka,0,0,0,0,0
2023,Northumberland,39766.83,39226.25,45.62,1789.67,48.71
2023,Parry Sound,0,0,0,0,0
2023,Peterborough,29146.41,28750.21,45.16,1298.41,35.34
2023,Prince Edward,25333.92,24989.55,52.84,1320.51,35.94
2023,York,25397.94,25052.69,45.97,1151.59,31.34
2023,Frontenac,15524.05,15295.24,47.06,719.79,19.59
2023,Lanark,14598.92,14383.74,51.94,747.13,20.33
2023,Leeds and Grenville,30628.03,30176.6,47.55,1434.88,39.05
2023,Lennox and Addington,19845.9,19553.39,48.37,945.86,25.74
2023,Ottawa,69138.13,68119.1,52.55,3579.77,97.42
2023,Prescott and Russell,110833.13,109199.55,48.35,5279.36,143.68
2023,Renfrew,29568.37,29132.56,42.72,1244.65,33.87
2023,"Stormont, Dundas and Glengarry",131323.43,129387.84,54.85,7097.17,193.15
2023,Algoma,1859.42,1729.28,52.91,91.49,2.49
2023,Cochrane,0,0,0,0,0
2023,Greater Sudbury,0,0,0,0,0
2023,Kenora,0,0,0,0,0
2023,Manitoulin,169.4,157.55,20.68,3.26,8.87
2023,Nipissing,3199.24,2975.32,55.5,165.13,4.49
2023,Rainy River,7269.09,6760.33,53.72,363.2,9.88
2023,Sudbury,1123.12,1044.52,39.9,41.68,1.13
2023,Thunder Bay,0,0,0,0,0
2023,Timiskaming,25476.44,23693.35,35.74,846.79,23.05
2024,Brant,39648.32,39226.33,49.69,1948.98,39.58
2024,Chatham-Kent,267158.39,264314.92,59.07,15613.44,317.11
2024,Elgin,122893.58,121585.57,53.93,6557.09,133.17
2024,Essex,212412.72,210151.92,57.45,12072.82,245.2
2024,Haldimand-Norfolk,163190.59,161453.69,52.82,8528.44,173.21
2024,Hamilton,30003,29683.67,47.33,1405.07,28.54
2024,Lambton,289236.63,286158.17,46.35,13264.63,269.4
2024,Middlesex,179443.45,177533.56,50.97,9048.86,183.78
2024,Niagara,88820.66,87875.3,49.2,4323.04,87.8
2024,Oxford,63492.66,62816.88,55.08,3460.11,70.27
2024,Bruce,143827.6,142056.4,51.06,7253.69,147.32
2024,Dufferin,35050.89,34619.24,47.27,1636.36,33.23
2024,Grey,59521.53,58788.54,49.27,2896.76,58.83
2024,Halton,26827.18,26496.81,42.05,1114.12,22.63
2024,Huron,249611.52,246537.62,54.35,13400.27,364.69
2024,Peel,31874.63,31482.1,48.67,1532.16,41.7
2024,Perth,118568.92,117108.78,55.75,6528.38,177.67
2024,Simcoe,124983.58,123444.44,47.78,5898.17,160.52
2024,Waterloo,23692.87,23401.1,54.01,1264,34.4
2024,Wellington,103641.28,102364.97,51.59,5280.99,143.72
2024,Durham,57582.43,57312.51,46.73,2678.13,72.89
2024,Haliburton,0,0,0,0,0
2024,Hastings,31920,31770.38,46.26,1469.74,40
2024,Kawartha Lakes,47845.16,47620.89,45.37,2160.69,58.8
2024,Muskoka,0,0,0,0,0
2024,Northumberland,37090.67,36916.81,48.02,1772.82,48.25
2024,Parry Sound,0,0,0,0,0
2024,Peterborough,30663.4,30519.67,44.6,1361.21,37.05
2024,Prince Edward,24476.2,24361.46,47.04,1146,31.19
2024,York,26422.13,26298.28,43.57,1145.85,31.18
2024,Frontenac,17435.07,17309.37,44.33,767.32,20.88
2024,Lanark,15967.69,15852.56,53.93,854.89,23.27
2024,Leeds and Grenville,35076.15,34823.25,49.57,1726.15,46.98
2024,Lennox and Addington,24917.43,24737.78,48.14,1190.92,32.41
2024,Ottawa,74761.26,74222.23,55.73,4136.3,112.57
2024,Prescott and Russell,118271.19,117418.45,45.24,5311.92,144.57
2024,Renfrew,32017.65,31786.81,56.97,1810.91,49.28
2024,"Stormont, Dundas and Glengarry",139253.56,138249.55,58.17,8042.29,218.87
2024,Algoma,960.43,957.32,48.24,46.18,1.26
2024,Cochrane,55.49,55.31,37.39,2.07,5.63
2024,Greater Sudbury,0,0,0,0,0
2024,Kenora,0,0,0,0,0
2024,Manitoulin,333.43,332.35,40.64,13.51,0.37
2024,Nipissing,2793.51,2784.47,54.66,152.19,4.14
2024,Rainy River,5971.89,5952.57,40.93,243.66,6.63
2024,Sudbury,1221.72,1217.76,35.38,43.08,1.17
2024,Thunder Bay,141.24,140.78,22.06,3.1,8.45
2024,Timiskaming,19422.3,19359.45,41.61,805.47,21.92
