"","Year","County","Acres seeded","Acres harvested ","Yield (bushels/acre)","Production ('000 bushels)","Production ('000 tonnes)"
"1",2004,"Brant County","11700","11700","65.51","766.48","20.86"
"2",2004,"Chatham-Kent Division","88900","88900","79.42","7060.12","192.14"
"3",2004,"Elgin County","35500","35500","74.55","2646.70","72.03"
"4",2004,"Essex County","51800","51800","67.84","3514.04","95.64"
"5",2004,"Haldimand-Norfolk Regional Municipality","27300","27300","52.11","1422.61","38.72"
"6",2004,"Hamilton Division","7300","7300","56.28","410.81","11.18"
"7",2004,"Lambton County","108000","108000","77.21","8338.68","226.94"
"8",2004,"Middlesex County","75500","75500","77.59","5858.34","159.44"
"9",2004,"Niagara Regional Municipality","11800","11800","46.85","552.87","15.05"
"10",2004,"Oxford County","35500","35500","78.67","2792.85","76.01"
"11",2004,"Bruce County","15000","15000","77.20","1157.98","31.51"
"12",2004,"Dufferin County","7400","7400","70.47","521.51","14.19"
"13",2004,"Grey County","4700","4700","59.94","281.73","7.67"
"14",2004,"Halton Regional Municipality","7300","7300","59.57","434.89","11.84"
"15",2004,"Huron County","65000","65000","76.07","4944.32","134.56"
"16",2004,"Peel Regional Municipality","5200","5200","67.40","350.49","9.54"
"17",2004,"Perth County","48700","48700","76.33","3717.27","101.17"
"18",2004,"Simcoe County","27000","27000","71.34","1926.16","52.42"
"19",2004,"Waterloo Regional Municipality","13000","13000","70.78","920.11","25.04"
"20",2004,"Wellington County","28700","28700","69.17","1985.16","54.03"
"21",2004,"Durham Regional Municipality","22800","22800","69.45","1583.53","43.10"
"22",2004,"Haliburton County","0","0","0","0","0"
"23",2004,"Hastings County","3300","3300","63.39","209.20","5.69"
"24",2004,"Kawartha Lakes Division","11100","11100","62.74","696.45","18.95"
"25",2004,"Muskoka District Municipality","0","0","0","0","0"
"26",2004,"Northumberland County","9700","9700","66.12","641.37","17.46"
"27",2004,"Parry Sound District","0","0","0","0","0"
"28",2004,"Peterborough County","3100","3100","48.97","151.82","4.13"
"29",2004,"Prince Edward Division","7000","7000","73.03","511.18","13.91"
"30",2004,"York Regional Municipality","5600","5600","68.49","383.55","10.44"
"31",2004,"Frontenac County","800","800","48.85","39.08","1.06"
"32",2004,"Lanark County","800","800","45.73","36.59","1"
"33",2004,"Leeds and Grenville United Counties","300","300","63.56","19.07","0.52"
"34",2004,"Lennox and Addington County","5700","5700","49.15","280.17","7.62"
"35",2004,"Ottawa Division","800","800","53.08","42.47","1.16"
"36",2004,"Prescott and Russell United Counties","500","500","50.74","25.37","0.69"
"37",2004,"Renfrew County","500","500","62.33","31.17","0.85"
"38",2004,"Stormont, Dundas and Glengarry Counties","1000","1000","46.63","46.63","1.27"
"39",2004,"Algoma District","100","100","43.68","4.37","0.12"
"40",2004,"Cochrane District","0","0","0","0","0"
"41",2004,"Kenora District","0","0","0","0","0"
"42",2004,"Manitoulin District","300","300","47.87","14.36","0.39"
"43",2004,"Nipissing District","200","200","52.08","10.42","0.28"
"44",2004,"Rainy River District","0","0","0","0","0"
"45",2004,"Sudbury District","0","0","0","0","0"
"46",2004,"Sudbury Regional Municipality","0","0","0","0","0"
"47",2004,"Thunder Bay District","0","0","0","0","0"
"48",2004,"Timiskaming District","1100","1100","65.24","71.77","1.95"
"49",2005,"Brant County","14300","14300","61.60","880.82","23.97"
"50",2005,"Chatham-Kent Division","90500","90500","76.18","6894.22","187.63"
"51",2005,"Elgin County","36000","36000","73.33","2640","71.85"
"52",2005,"Essex County","48300","48300","66.20","3197.62","87.02"
"53",2005,"Haldimand-Norfolk Regional Municipality","27900","27900","63.47","1770.75","48.19"
"54",2005,"Hamilton Division","10800","10800","59.31","640.50","17.43"
"55",2005,"Lambton County","107600","107600","74.37","8001.86","217.77"
"56",2005,"Middlesex County","76500","76500","79.71","6097.48","165.94"
"57",2005,"Niagara Regional Municipality","19100","19100","59.09","1128.64","30.72"
"58",2005,"Oxford County","42700","42700","80.51","3437.64","93.56"
"59",2005,"Bruce County","28200","28200","72.13","2034.05","55.36"
"60",2005,"Dufferin County","5500","5500","61.33","337.33","9.18"
"61",2005,"Grey County","6200","6200","59.32","367.81","10.01"
"62",2005,"Halton Regional Municipality","9500","9500","55.10","523.45","14.25"
"63",2005,"Huron County","81600","81600","75.76","6181.98","168.24"
"64",2005,"Peel Regional Municipality","4600","4600","55.87","256.98","6.99"
"65",2005,"Perth County","57400","57400","81.25","4663.61","126.92"
"66",2005,"Simcoe County","37400","37400","55.72","2084.04","56.72"
"67",2005,"Waterloo Regional Municipality","15600","15600","63.43","989.46","26.93"
"68",2005,"Wellington County","34800","34800","66.35","2309.15","62.84"
"69",2005,"Durham Regional Municipality","21700","21700","46.11","1000.66","27.23"
"70",2005,"Haliburton County","0","0","0","0","0"
"71",2005,"Hastings County","3500","3500","43.77","153.19","4.17"
"72",2005,"Kawartha Lakes Division","10200","10200","49.42","504.08","13.72"
"73",2005,"Muskoka District Municipality","0","0","0","0","0"
"74",2005,"Northumberland County","9900","9900","54.48","539.40","14.68"
"75",2005,"Parry Sound District","0","0","0","0","0"
"76",2005,"Peterborough County","5100","5100","46.18","235.52","6.41"
"77",2005,"Prince Edward Division","9200","9200","43.58","400.95","10.91"
"78",2005,"York Regional Municipality","7600","7600","55.55","422.21","11.49"
"79",2005,"Frontenac County","400","400","40.19","16.08","0.44"
"80",2005,"Lanark County","600","600","39.54","23.73","0.65"
"81",2005,"Leeds and Grenville United Counties","200","200","45.75","9.15","0.25"
"82",2005,"Lennox and Addington County","3000","3000","40.10","120.29","3.27"
"83",2005,"Ottawa Division","300","300","57.91","17.37","0.47"
"84",2005,"Prescott and Russell United Counties","300","300","58.69","17.61","0.48"
"85",2005,"Renfrew County","1300","1300","56.97","74.06","2.02"
"86",2005,"Stormont, Dundas and Glengarry Counties","900","900","58.21","52.39","1.43"
"87",2005,"Algoma District","0","0","0","0","0"
"88",2005,"Cochrane District","0","0","0","0","0"
"89",2005,"Kenora District","0","0","0","0","0"
"90",2005,"Manitoulin District","100","100","48.02","4.80","0.13"
"91",2005,"Nipissing District","0","0","0","0","0"
"92",2005,"Rainy River District","0","0","0","0","0"
"93",2005,"Sudbury District","0","0","0","0","0"
"94",2005,"Sudbury Regional Municipality","0","0","0","0","0"
"95",2005,"Thunder Bay District","0","0","0","0","0"
"96",2005,"Timiskaming District","1200","1200","60.14","72.16","1.96"
"97",2006,"Brant","13621","13600","79","1074.40","29.24"
"98",2006,"Chatham-Kent","100352","100000","92","9200","250.38"
"99",2006,"Elgin","48779","48600","85","4131","112.43"
"100",2006,"Essex","65859","65600","89","5838.40","158.89"
"101",2006,"Haldimand-Norfolk","41256","41100","70","2877","78.30"
"102",2006,"Hamilton","7932","7900","71","560.90","15.27"
"103",2006,"Lambton","126842","126500","87","11005.50","299.52"
"104",2006,"Middlesex","98628","98300","89","8748.70","238.10"
"105",2006,"Niagara","16340","16300","64","1043.20","28.39"
"106",2006,"Oxford","44763","44600","93","4147.80","112.88"
"107",2006,"Bruce","44957","44800","80","3584","97.54"
"108",2006,"Dufferin","11954","11900","80","952","25.91"
"109",2006,"Grey","10734","10700","82","877.40","23.88"
"110",2006,"Halton","8843","8800","67","589.60","16.05"
"111",2006,"Huron","99250","98900","88","8703.20","236.86"
"112",2006,"Peel","7849","7800","66","514.80","14.01"
"113",2006,"Perth","64381","64200","96","6163.20","167.73"
"114",2006,"Simcoe","46291","46100","77","3549.70","96.61"
"115",2006,"Waterloo","18853","18800","83","1560.40","42.47"
"116",2006,"Wellington","48894","48700","84","4090.80","111.33"
"117",2006,"Durham","23638","23600","70","1652","44.96"
"118",2006,"Haliburton","0","0","0","0","0"
"119",2006,"Hastings","5162","5100","65","331.50","9.02"
"120",2006,"Kawartha Lakes","14423","14400","66","950.40","25.87"
"121",2006,"Muskoka","0","0","0","0","0"
"122",2006,"Northumberland","13460","13400","66","884.40","24.07"
"123",2006,"Parry Sound","0","200","47","9.40","0.26"
"124",2006,"Peterborough","5819","5800","63","365.40","9.94"
"125",2006,"Prince Edward","12595","12600","65","819","22.29"
"126",2006,"York","11713","11700","68","795.60","21.65"
"127",2006,"Frontenac","740","700","75","52.50","1.43"
"128",2006,"Lanark","0","0","50","0","0"
"129",2006,"Leeds and Grenville","497","500","58","29","0.79"
"130",2006,"Lennox and Addington","4992","5000","60","300","8.16"
"131",2006,"Ottawa","963","1000","72","72","1.96"
"132",2006,"Prescott and Russell","842","800","47","37.60","1.02"
"133",2006,"Renfrew","0","0","60","0","0"
"134",2006,"Stormont, Dundas and Glengarry","0","0","81","0","0"
"135",2006,"Algoma","105","0","0","0","0"
"136",2006,"Cochrane","0","0","0","0","0"
"137",2006,"Greater Sudbury","0","0","0","0","0"
"138",2006,"Kenora","0","0","0","0","0"
"139",2006,"Manitoulin","0","0","0","0","0"
"140",2006,"Nipissing","165","0","0","0","0"
"141",2006,"Rainy River","0","0","0","0","0"
"142",2006,"Sudbury","0","0","0","0","0"
"143",2006,"Thunder Bay","44","0","0","0","0"
"144",2006,"Timiskaming","0","0","0","0","0"
"145",2007,"Brant","11000","11000","63","693","18.86"
"146",2007,"Chatham-Kent","53000","53000","77","4081","111.07"
"147",2007,"Elgin","20000","20000","67","1340","36.47"
"148",2007,"Essex","28000","28000","69","1932","52.58"
"149",2007,"Haldimand-Norfolk","11000","11000","52","572","15.57"
"150",2007,"Hamilton","4000","4000","63","252","6.86"
"151",2007,"Lambton","40000","40000","69","2760","75.11"
"152",2007,"Middlesex","40000","40000","77","3080","83.82"
"153",2007,"Niagara","4500","4500","40","180","4.90"
"154",2007,"Oxford","31000","31000","81","2511","68.34"
"155",2007,"Bruce","26000","26000","76","1976","53.78"
"156",2007,"Dufferin","6600","6600","71","468.60","12.75"
"157",2007,"Grey","7000","7000","70","490","13.34"
"158",2007,"Halton","5900","5900","65","383.50","10.44"
"159",2007,"Huron","85000","85000","82","6970","189.69"
"160",2007,"Peel","5600","5600","66","369.60","10.06"
"161",2007,"Perth","51000","51000","87","4437","120.75"
"162",2007,"Simcoe","40000","40000","75","3000","81.65"
"163",2007,"Waterloo","11500","11500","74","851","23.16"
"164",2007,"Wellington","35000","35000","76","2660","72.39"
"165",2007,"Durham","20000","20000","69","1380","37.56"
"166",2007,"Haliburton","0","0","0","0","0"
"167",2007,"Hastings","3800","3800","58","220.40","6"
"168",2007,"Kawartha Lakes","11000","11000","62","682","18.56"
"169",2007,"Muskoka","0","0","0","0","0"
"170",2007,"Northumberland","12000","12000","60","720","19.60"
"171",2007,"Parry Sound","0","0","0","0","0"
"172",2007,"Peterborough","4100","4100","53","217.30","5.91"
"173",2007,"Prince Edward","9500","9500","56","532","14.48"
"174",2007,"York","7000","7000","57","399","10.86"
"175",2007,"Frontenac","0","0","0","0","0"
"176",2007,"Lanark","0","0","0","0","0"
"177",2007,"Leeds and Grenville","0","0","0","0","0"
"178",2007,"Lennox and Addington","3600","3600","55","198","5.39"
"179",2007,"Ottawa","0","0","0","0","0"
"180",2007,"Prescott and Russell","0","0","0","0","0"
"181",2007,"Renfrew","0","0","0","0","0"
"182",2007,"Stormont, Dundas and Glengarry","0","0","0","0","0"
"183",2007,"Algoma","0","0","0","0","0"
"184",2007,"Cochrane","0","0","0","0","0"
"185",2007,"Greater Sudbury","0","0","0","0","0"
"186",2007,"Kenora","0","0","0","0","0"
"187",2007,"Manitoulin","0","0","0","0","0"
"188",2007,"Nipissing","0","0","0","0","0"
"189",2007,"Rainy River","0","0","0","0","0"
"190",2007,"Sudbury","0","0","0","0","0"
"191",2007,"Thunder Bay","0","0","0","0","0"
"192",2007,"Timiskaming","4000","4000","57","228","6.21"
"193",2008,"Brant","18000","18000","80","1440","39.19"
"194",2008,"Chatham-Kent","109000","109000","74.90","8164.10","222.19"
"195",2008,"Elgin","55000","55000","81","4455","121.24"
"196",2008,"Essex","75000","75000","72","5400","146.96"
"197",2008,"Haldimand-Norfolk","42000","42000","77","3234","88.01"
"198",2008,"Hamilton","10000","10000","76","760","20.68"
"199",2008,"Lambton","133000","133000","79","10507","285.95"
"200",2008,"Middlesex","116000","116000","83","9628","262.03"
"201",2008,"Niagara","29000","29000","75","2175","59.19"
"202",2008,"Oxford","52000","52000","92","4784","130.20"
"203",2008,"Bruce","58000","58000","89","5162","140.49"
"204",2008,"Dufferin","19000","19000","79","1501","40.85"
"205",2008,"Grey","17000","17000","70","1190","32.39"
"206",2008,"Halton","10000","10000","64","640","17.42"
"207",2008,"Huron","107000","107000","90","9630","262.08"
"208",2008,"Peel","6500","6500","79","513.50","13.98"
"209",2008,"Perth","83000","83000","93","7719","210.08"
"210",2008,"Simcoe","49000","49000","74","3626","98.68"
"211",2008,"Waterloo","33000","33000","82","2706","73.64"
"212",2008,"Wellington","76000","76000","87","6612","179.95"
"213",2008,"Durham","20000","20000","69","1380","37.56"
"214",2008,"Haliburton","0","0","0","0","0"
"215",2008,"Hastings","7500","7500","62","465","12.66"
"216",2008,"Kawartha Lakes","20000","20000","61","1220","33.20"
"217",2008,"Muskoka","0","0","0","0","0"
"218",2008,"Northumberland","16000","16000","70","1120","30.48"
"219",2008,"Parry Sound","0","0","0","0","0"
"220",2008,"Peterborough","9500","9500","62","589","16.03"
"221",2008,"Prince Edward","11000","11000","69","759","20.66"
"222",2008,"York","17000","17000","62","1054","28.68"
"223",2008,"Frontenac","0","0","0","0","0"
"224",2008,"Lanark","0","0","0","0","0"
"225",2008,"Leeds and Grenville","0","0","0","0","0"
"226",2008,"Lennox and Addington","9500","9500","77","731.50","19.91"
"227",2008,"Ottawa","0","0","0","0","0"
"228",2008,"Prescott and Russell","0","0","0","0","0"
"229",2008,"Renfrew","2200","2200","59","129.80","3.53"
"230",2008,"Stormont, Dundas and Glengarry","3500","3500","83","290.50","7.91"
"231",2008,"Algoma","0","0","0","0","0"
"232",2008,"Cochrane","0","0","0","0","0"
"233",2008,"Greater Sudbury","0","0","0","0","0"
"234",2008,"Kenora","0","0","0","0","0"
"235",2008,"Manitoulin","0","0","0","0","0"
"236",2008,"Nipissing","0","0","0","0","0"
"237",2008,"Rainy River","0","0","0","0","0"
"238",2008,"Sudbury","0","0","0","0","0"
"239",2008,"Thunder Bay","0","0","0","0","0"
"240",2008,"Timiskaming","5800","5800","70","406","11.05"
"241",2009,"Brant","18000","18000","66","1188","32.33"
"242",2009,"Chatham-Kent","85000","85000","82","6970","189.69"
"243",2009,"Elgin","35000","35000","82","2870","78.11"
"244",2009,"Essex","65000","65000","81","5265","143.29"
"245",2009,"Haldimand-Norfolk","34000","34000","61","2074","56.44"
"246",2009,"Hamilton","8000","8000","63","504","13.72"
"247",2009,"Lambton","95000","95000","73","6935","188.74"
"248",2009,"Middlesex","85000","85000","75","6375","173.50"
"249",2009,"Niagara","17000","17000","57","969","26.37"
"250",2009,"Oxford","50000","50000","81","4050","110.22"
"251",2009,"Bruce","48000","48000","75","3600","97.98"
"252",2009,"Dufferin","8000","8000","66","528","14.37"
"253",2009,"Grey","9000","9000","63","567","15.43"
"254",2009,"Halton","6000","6000","62","372","10.12"
"255",2009,"Huron","80000","80000","77","6160","167.65"
"256",2009,"Peel","5000","5000","61","305","8.30"
"257",2009,"Perth","60000","60000","83","4980","135.53"
"258",2009,"Simcoe","43000","43000","67","2881","78.41"
"259",2009,"Waterloo","18000","18000","74","1332","36.25"
"260",2009,"Wellington","55000","55000","75","4125","112.26"
"261",2009,"Durham","23000","23000","53","1219","33.18"
"262",2009,"Haliburton","0","0","0","0","0"
"263",2009,"Hastings","5000","5000","68","340","9.25"
"264",2009,"Kawartha Lakes","15000","15000","51","765","20.82"
"265",2009,"Muskoka","0","0","0","0","0"
"266",2009,"Northumberland","15000","15000","57","855","23.27"
"267",2009,"Parry Sound","0","0","0","0","0"
"268",2009,"Peterborough","8000","8000","50","400","10.89"
"269",2009,"Prince Edward","9000","9000","66","594","16.17"
"270",2009,"York","11000","11000","51","561","15.27"
"271",2009,"Frontenac","1200","1200","63","76","0"
"272",2009,"Lanark","200","200","57","11","0"
"273",2009,"Leeds and Grenville","1100","1100","57","63","0"
"274",2009,"Lennox and Addington","8000","8000","68","544","14.81"
"275",2009,"Ottawa","400","400","70","28","0"
"276",2009,"Prescott and Russell","500","500","58","29","0"
"277",2009,"Renfrew","3500","3500","71","249","6.78"
"278",2009,"Stormont, Dundas and Glengarry","1100","1100","65","72","1.96"
"279",2009,"Algoma","0","0","0","0","0"
"280",2009,"Cochrane","0","0","0","0","0"
"281",2009,"Greater Sudbury","0","0","0","0","0"
"282",2009,"Kenora","0","0","0","0","0"
"283",2009,"Manitoulin","0","0","0","0","0"
"284",2009,"Nipissing","0","0","0","0","0"
"285",2009,"Rainy River","0","0","0","0","0"
"286",2009,"Sudbury","0","0","0","0","0"
"287",2009,"Thunder Bay","0","0","0","0","0"
"288",2009,"Timiskaming","0","0","0","0","0"
"289",2010,"Brant","10000","10000","72","720","19.60"
"290",2010,"Chatham-Kent","72000","72000","89","6408","174.40"
"291",2010,"Elgin","26000","26000","85","2210","60.15"
"292",2010,"Essex","50000","50000","86","4300","117.03"
"293",2010,"Haldimand-Norfolk","18000","18000","72","1296","35.27"
"294",2010,"Hamilton","8000","8000","72","576","15.68"
"295",2010,"Lambton","100000","100000","87","8700","236.77"
"296",2010,"Middlesex","69000","69000","87","6003","163.37"
"297",2010,"Niagara","12000","12000","67","804","21.88"
"298",2010,"Oxford","41000","41000","86","3526","95.96"
"299",2010,"Bruce","35000","35000","77","2695","73.35"
"300",2010,"Dufferin","10000","10000","64","640","17.42"
"301",2010,"Grey","8000","8000","61","488","13.28"
"302",2010,"Halton","5000","5000","60","300","8.16"
"303",2010,"Huron","84000","84000","82","6888","187.46"
"304",2010,"Peel","4000","4000","73","292","7.95"
"305",2010,"Perth","63000","63000","86","5418","147.45"
"306",2010,"Simcoe","41000","41000","70","2870","78.11"
"307",2010,"Waterloo","18000","18000","73","1314","35.76"
"308",2010,"Wellington","60000","60000","76","4560","124.10"
"309",2010,"Durham","14000","14000","65","910","24.77"
"310",2010,"Haliburton","0","0","0","0","0"
"311",2010,"Hastings","4000","4000","53","212","5.77"
"312",2010,"Kawartha Lakes","11000","11000","58","638","17.36"
"313",2010,"Muskoka","0","0","0","0","0"
"314",2010,"Northumberland","18000","18000","55","990","26.94"
"315",2010,"Parry Sound","0","0","0","0","0"
"316",2010,"Peterborough","6000","6000","60","360","9.80"
"317",2010,"Prince Edward","12000","12000","57","684","18.62"
"318",2010,"York","7000","7000","59","413","11.24"
"319",2010,"Frontenac","800","800","58","46","1.25"
"320",2010,"Lanark","0","0","0","0","0"
"321",2010,"Leeds and Grenville","0","0","0","0","0"
"322",2010,"Lennox and Addington","3000","3000","66","198","5.39"
"323",2010,"Ottawa","500","500","84","42","1.14"
"324",2010,"Prescott and Russell","0","0","0","0","0"
"325",2010,"Renfrew","1000","1000","64","64","1.74"
"326",2010,"Stormont, Dundas and Glengarry","0","0","0","0","0"
"327",2010,"Algoma","0","0","0","0","0"
"328",2010,"Cochrane","0","0","0","0","0"
"329",2010,"Greater Sudbury","0","0","0","0","0"
"330",2010,"Kenora","0","0","0","0","0"
"331",2010,"Manitoulin","0","0","0","0","0"
"332",2010,"Nipissing","0","0","0","0","0"
"333",2010,"Rainy River","0","0","0","0","0"
"334",2010,"Sudbury","0","0","0","0","0"
"335",2010,"Thunder Bay","0","0","0","0","0"
"336",2010,"Timiskaming","2500","2500","66","165","4.49"
"337",2011,"Brant","9225.25","9060.49","74.42","674.26","18.35"
"338",2011,"Chatham-Kent","98037.31","96286.41","71.85","6918.48","188.29"
"339",2011,"Elgin","40812.97","40084.07","81.32","3259.78","88.72"
"340",2011,"Essex","68333.58","67113.18","64.50","4328.60","117.80"
"341",2011,"Haldimand-Norfolk","33496.04","32897.82","48.93","1609.75","43.81"
"342",2011,"Hamilton","15726.93","15446.06","49.98","772.02","21.01"
"343",2011,"Lambton","122672.12","120481.25","78.23","9425.71","256.52"
"344",2011,"Middlesex","95686.89","93977.97","84.46","7936.95","216.01"
"345",2011,"Niagara","18348.09","18020.40","47.68","859.13","23.38"
"346",2011,"Oxford","39011.11","38314.39","93.67","3588.84","97.67"
"347",2011,"Bruce","50559.05","49657.99","86.66","4303.14","117.11"
"348",2011,"Dufferin","15447.32","15172.02","52.32","793.87","21.61"
"349",2011,"Grey","17562.01","17249.02","71.57","1234.51","33.60"
"350",2011,"Halton","9586.83","9415.97","51.84","488.16","13.29"
"351",2011,"Huron","93366.27","91702.29","90.66","8313.59","226.26"
"352",2011,"Peel","5211.95","5119.06","85.65","438.47","11.93"
"353",2011,"Perth","81169.89","79723.27","86.95","6932.07","188.66"
"354",2011,"Simcoe","63823.03","62685.57","83.51","5235.02","142.47"
"355",2011,"Waterloo","15899.15","15615.80","79.33","1238.81","33.71"
"356",2011,"Wellington","61148.93","60059.13","77.14","4632.95","126.09"
"357",2011,"Durham","22715.57","22310.69","81.17","1810.86","49.28"
"358",2011,"Haliburton","0","0","0","0","0"
"359",2011,"Hastings","6292.95","6180.79","62.36","385.46","10.49"
"360",2011,"Kawartha Lakes","22303.42","21905.89","46.41","1016.74","27.67"
"361",2011,"Muskoka","0","0","0","0","0"
"362",2011,"Northumberland","16494.63","16200.63","75.16","1217.59","33.14"
"363",2011,"Parry Sound","0","0","0","0","0"
"364",2011,"Peterborough","7228.03","7099.20","70.94","503.65","13.71"
"365",2011,"Prince Edward","7550.44","7415.86","109.45","811.67","22.09"
"366",2011,"York","9273.24","9107.96","65.06","592.58","16.13"
"367",2011,"Frontenac","4790.46","4704.78","10.21","48.02","1.31"
"368",2011,"Lanark","4416.01","4337.02","78.81","341.78","9.30"
"369",2011,"Leeds and Grenville","3005.58","2951.82","44.08","130.11","3.54"
"370",2011,"Lennox and Addington","10349.79","10164.67","81.52","828.62","22.55"
"371",2011,"Ottawa","6458.01","6342.50","58.65","371.99","10.12"
"372",2011,"Prescott and Russell","3579.74","3515.71","0","0","0"
"373",2011,"Renfrew","7858.45","7717.89","37.35","288.26","7.85"
"374",2011,"Stormont, Dundas and Glengarry","4051.55","3979.08","44.75","178.05","4.85"
"375",2011,"Algoma","0","0","0","0","0"
"376",2011,"Cochrane","0","0","0","0","0"
"377",2011,"Greater Sudbury","0","0","0","0","0"
"378",2011,"Kenora","0","0","0","0","0"
"379",2011,"Manitoulin","0","0","0","0","0"
"380",2011,"Nipissing","6915.07","6778.80","10.26","69.54","1.89"
"381",2011,"Rainy River","0","0","0","0","0"
"382",2011,"Sudbury","0","0","0","0","0"
"383",2011,"Thunder Bay","16530.31","16204.57","0","0","0"
"384",2011,"Timiskaming","0","0","0","920.97","25.06"
"385",2012,"Brant","5149.59","4957.69","81.97","406.36","11.06"
"386",2012,"Chatham-Kent","54725","52685.69","79.14","4169.59","113.48"
"387",2012,"Elgin","22782.04","21933.07","89.57","1964.59","53.47"
"388",2012,"Essex","38144.21","36722.78","71.04","2608.74","71"
"389",2012,"Haldimand-Norfolk","18697.68","18000.92","53.89","970.15","26.40"
"390",2012,"Hamilton","8778.87","8451.73","55.05","465.28","12.66"
"391",2012,"Lambton","68476.29","65924.55","86.17","5680.64","154.60"
"392",2012,"Middlesex","53412.98","51422.57","93.02","4783.40","130.18"
"393",2012,"Niagara","10242.01","9860.35","52.51","517.78","14.09"
"394",2012,"Oxford","21776.23","20964.75","103.17","2162.90","58.86"
"395",2012,"Bruce","46443.13","44851.08","85.65","3841.47","104.55"
"396",2012,"Dufferin","14189.78","13703.36","51.72","708.70","19.29"
"397",2012,"Grey","16132.32","15579.31","70.74","1102.07","29.99"
"398",2012,"Halton","8806.38","8504.50","51.24","435.79","11.86"
"399",2012,"Huron","85765.48","82825.49","89.61","7421.66","201.98"
"400",2012,"Peel","4787.65","4623.53","84.66","391.43","10.65"
"401",2012,"Perth","74561.99","72006.05","85.94","6188.35","168.42"
"402",2012,"Simcoe","58627.31","56617.60","82.54","4673.38","127.19"
"403",2012,"Waterloo","14604.83","14104.18","78.41","1105.90","30.10"
"404",2012,"Wellington","56170.90","54245.39","76.24","4135.90","112.56"
"405",2012,"Durham","24670.33","23824.65","78","1858.23","50.57"
"406",2012,"Haliburton","0","0","0","0","0"
"407",2012,"Hastings","6834.49","6600.20","59.93","395.54","10.76"
"408",2012,"Kawartha Lakes","24222.72","23392.38","44.60","1043.33","28.39"
"409",2012,"Muskoka","0","0","0","0","0"
"410",2012,"Northumberland","17914.06","17299.97","72.22","1249.44","34"
"411",2012,"Parry Sound","0","0","0","0","0"
"412",2012,"Peterborough","7850.03","7580.94","68.17","516.82","14.07"
"413",2012,"Prince Edward","8200.18","7919.08","105.18","832.90","22.67"
"414",2012,"York","10071.24","9726.01","62.52","608.08","16.55"
"415",2012,"Frontenac","5951.74","5747.72","12.95","74.43","2.03"
"416",2012,"Lanark","5486.52","5298.44","99.98","529.75","14.42"
"417",2012,"Leeds and Grenville","3734.18","3606.18","55.92","201.66","5.49"
"418",2012,"Lennox and Addington","12858.73","12417.94","103.43","1284.33","34.95"
"419",2012,"Ottawa","8023.53","7748.48","74.41","576.57","15.69"
"420",2012,"Prescott and Russell","4447.52","4295.06","0","0","0"
"421",2012,"Renfrew","9763.46","9428.77","47.39","446.79","12.16"
"422",2012,"Stormont, Dundas and Glengarry","5033.70","4861.15","56.77","275.97","7.51"
"423",2012,"Algoma","0","0","0","0","0"
"424",2012,"Cochrane","0","0","0","0","0"
"425",2012,"Greater Sudbury","0","0","0","0","0"
"426",2012,"Kenora","0","0","0","0","0"
"427",2012,"Manitoulin","0","0","0","0","0"
"428",2012,"Nipissing","3746.94","3618.50","13.04","47.18","1.28"
"429",2012,"Rainy River","0","0","0","0","0"
"430",2012,"Sudbury","0","0","0","0","0"
"431",2012,"Thunder Bay","8956.97","8649.93","0","0","0"
"432",2012,"Timiskaming","0","0","0","0","0"
"433",2013,"Brant","23738.69","23583.81","70.95","1673.26","45.54"
"434",2013,"Chatham-Kent","63618.68","63203.60","88.23","5576.34","151.76"
"435",2013,"Elgin","29258.41","29067.51","83","2412.60","65.66"
"436",2013,"Essex","41907.01","41633.59","82.60","3438.97","93.59"
"437",2013,"Haldimand-Norfolk","44207.34","43918.91","76.78","3372.19","91.78"
"438",2013,"Hamilton","16818.73","16709","77.20","1296.85","35.29"
"439",2013,"Lambton","135945.87","135058.90","80","10804.71","294.05"
"440",2013,"Middlesex","89317.92","88735.17","78","6921.34","188.37"
"441",2013,"Niagara","22266.70","22121.42","77.54","1715.27","46.68"
"442",2013,"Oxford","32899.88","32685.23","90.13","2946.05","80.18"
"443",2013,"Bruce","67050.17","65943.39","82.22","5421.98","147.56"
"444",2013,"Dufferin","10207.94","10039.44","74.96","752.51","20.48"
"445",2013,"Grey","27458.25","27005","71","1926.82","52.44"
"446",2013,"Halton","6724.75","6613.74","70.50","466.27","12.69"
"447",2013,"Huron","89256.72","87783.38","87.88","7714.55","209.95"
"448",2013,"Peel","4491.96","4417.81","73","322.50","8.78"
"449",2013,"Perth","76306.32","75046.75","84.33","6328.45","172.23"
"450",2013,"Simcoe","54280.21","53384.22","80.30","4286.90","116.67"
"451",2013,"Waterloo","26724.89","26283.75","78.15","2054.07","55.90"
"452",2013,"Wellington","83877.34","82492.80","77.15","6364.15","173.20"
"453",2013,"Durham","23892.75","23297.30","71.92","1675.51","45.60"
"454",2013,"Haliburton","0","0","0","0","0"
"455",2013,"Hastings","0","0","0","0","0"
"456",2013,"Kawartha Lakes","18073.36","17622.93","64.75","1141.01","31.05"
"457",2013,"Muskoka","0","0","0","0","0"
"458",2013,"Northumberland","13281.72","12950.72","68.02","880.85","23.97"
"459",2013,"Parry Sound","0","0","0","0","0"
"460",2013,"Peterborough","9818.58","9573.88","58.66","561.63","15.28"
"461",2013,"Prince Edward","13714.35","13373","99","1324","36.03"
"462",2013,"York","3702.67","3610.40","57.66","208.17","5.67"
"463",2013,"Frontenac","1527.92","1400.90","55","77.05","2.10"
"464",2013,"Lanark","4203.89","3854.41","58.78","226.57","6.17"
"465",2013,"Leeds and Grenville","0","0","0","0","0"
"466",2013,"Lennox and Addington","9551.61","8757.57","78.54","687.81","18.72"
"467",2013,"Ottawa","2364.69","2168.11","62.10","134.63","3.66"
"468",2013,"Prescott and Russell","2455.44","2251.31","71.25","160.41","4.37"
"469",2013,"Renfrew","0","0","0","0","0"
"470",2013,"Stormont, Dundas and Glengarry","5812.01","5328.84","68.44","364.73","9.93"
"471",2013,"Algoma","0","0","0","0","0"
"472",2013,"Cochrane","0","0","0","0","0"
"473",2013,"Greater Sudbury","0","0","0","0","0"
"474",2013,"Kenora","0","0","0","0","0"
"475",2013,"Manitoulin","0","0","0","0","0"
"476",2013,"Nipissing","0","0","0","0","0"
"477",2013,"Rainy River","0","0","0","0","0"
"478",2013,"Sudbury","0","0","0","0","0"
"479",2013,"Thunder Bay","0","0","0","0","0"
"480",2013,"Timiskaming","0","0","0","0","0"
"481",2014,"Brant","13132.27","13132.27","62","814","22.15"
"482",2014,"Chatham-Kent","46648.96","46648.96","86.70","4044","110.06"
"483",2014,"Elgin","23030.48","23030.48","86","1981","53.91"
"484",2014,"Essex","36260.75","36260.75","83","3010","81.92"
"485",2014,"Haldimand-Norfolk","27440.57","27440.57","68","1866","50.78"
"486",2014,"Hamilton","14308.30","14308.30","66","944","25.69"
"487",2014,"Lambton","65661.36","65661.36","78","5122","139.40"
"488",2014,"Middlesex","58801.21","58801.21","81","4763","129.63"
"489",2014,"Niagara","12250.25","12250.25","65","796","21.66"
"490",2014,"Oxford","28028.58","28028.58","84","2354","64.06"
"491",2014,"Bruce","40670.84","40670.84","75","3050","83.01"
"492",2014,"Dufferin","10094.21","10094.21","76","767","20.87"
"493",2014,"Grey","17248.36","17248.36","65","1121","30.51"
"494",2014,"Halton","2842.06","2842.06","62","176","4.79"
"495",2014,"Huron","65661.36","65661.36","75","4925","134.04"
"496",2014,"Peel","4900.10","4900.10","73","358","9.74"
"497",2014,"Perth","73795.52","73795.52","80","5904","160.68"
"498",2014,"Simcoe","43806.90","43806.90","78.70","3448","93.84"
"499",2014,"Waterloo","17934.37","17934.37","79","1417","38.56"
"500",2014,"Wellington","51745.07","51745.07","83","4295","116.89"
"501",2014,"Durham","15778.33","15778.30","76.70","1210","32.93"
"502",2014,"Haliburton","0","0","0","0","0"
"503",2014,"Hastings","2058.04","2058","72.70","150","4.08"
"504",2014,"Kawartha Lakes","10388.21","10388.20","68","706","19.21"
"505",2014,"Muskoka","0","0","0","0","0"
"506",2014,"Northumberland","8428.17","8428.20","70","590","16.06"
"507",2014,"Parry Sound","0","0","0","0","0"
"508",2014,"Peterborough","9800.20","9800.20","63.10","618","16.82"
"509",2014,"Prince Edward","15190.31","15190.30","74","1124","30.59"
"510",2014,"York","5880.12","5880.10","78","459","12.49"
"511",2014,"Frontenac","3136.06","3136.10","67","210","5.72"
"512",2014,"Lanark","3136.06","3136.10","72","226","6.15"
"513",2014,"Leeds and Grenville","3626.07","3626.10","65","236","6.42"
"514",2014,"Lennox and Addington","11564.24","11564.20","78","902","24.55"
"515",2014,"Ottawa","8134.17","8134.20","87","708","19.27"
"516",2014,"Prescott and Russell","1274.03","1274","74","94","2.56"
"517",2014,"Renfrew","980.02","980","70","69","1.88"
"518",2014,"Stormont, Dundas and Glengarry","1862.04","1862","82","153","4.16"
"519",2014,"Algoma","0","0","0","0","0"
"520",2014,"Cochrane","0","0","0","0","0"
"521",2014,"Greater Sudbury","0","0","0","0","0"
"522",2014,"Kenora","0","0","0","0","0"
"523",2014,"Manitoulin","0","0","0","0","0"
"524",2014,"Nipissing","0","0","0","0","0"
"525",2014,"Rainy River","0","0","0","0","0"
"526",2014,"Sudbury","0","0","0","0","0"
"527",2014,"Thunder Bay","0","0","0","0","0"
"528",2014,"Timiskaming","0","0","0","0","0"
"529",2015,"Brant","17207.45","17070.88","71","1212","32.98"
"530",2015,"Chatham-Kent","54623.64","54190.12","78","4227","115.04"
"531",2015,"Elgin","14906.45","14788.15","74","1094","29.77"
"532",2015,"Essex","34014.72","33744.76","69","2328","63.36"
"533",2015,"Haldimand-Norfolk","22609.79","22430.34","68","1525","41.50"
"534",2015,"Hamilton","6002.60","5954.96","68","405","11.02"
"535",2015,"Lambton","39817.23","39501.22","74","2923","79.55"
"536",2015,"Middlesex","40717.62","40394.47","85","3434","93.46"
"537",2015,"Niagara","16006.93","15879.89","69","1096","29.83"
"538",2015,"Oxford","31113.47","30866.53","85","2624","71.41"
"539",2015,"Bruce","28012.12","27789.81","85","2362","64.28"
"540",2015,"Dufferin","5929.89","5882.82","80","471","12.82"
"541",2015,"Grey","15006.50","14887.40","68","1012","27.54"
"542",2015,"Halton","3201.39","3175.98","65","206","5.61"
"543",2015,"Huron","53523.17","53098.38","87","4620","125.73"
"544",2015,"Peel","6802.94","6748.95","73","493","13.42"
"545",2015,"Perth","58125.16","57663.85","87","5017","136.54"
"546",2015,"Simcoe","53823.30","53396.13","82","4378","119.15"
"547",2015,"Waterloo","15506.71","15383.64","78","1200","32.66"
"548",2015,"Wellington","31613.68","31362.78","81","2540","69.13"
"549",2015,"Durham","20608.92","20445.36","76.10","1556","42.35"
"550",2015,"Haliburton","0","0","0","0","0"
"551",2015,"Hastings","2701.17","2679.73","72.70","195","5.31"
"552",2015,"Kawartha Lakes","9804.24","9726.43","68","661","17.99"
"553",2015,"Muskoka","0","0","0","0","0"
"554",2015,"Northumberland","6602.86","6550.45","61","400","10.89"
"555",2015,"Parry Sound","0","0","0","0","0"
"556",2015,"Peterborough","7103.07","7046.70","63.10","445","12.11"
"557",2015,"Prince Edward","11404.94","11314.42","74","837","22.78"
"558",2015,"York","3101.34","3076.73","78","240","6.53"
"559",2015,"Frontenac","2000.87","1984.99","65","129","3.51"
"560",2015,"Lanark","1600.69","1587.99","72","114","3.10"
"561",2015,"Leeds and Grenville","2401.04","2381.98","65","155","4.22"
"562",2015,"Lennox and Addington","4501.95","4466.22","74","331","9.01"
"563",2015,"Ottawa","3701.60","3672.22","92","338","9.20"
"564",2015,"Prescott and Russell","2100.91","2084.24","72","150","4.08"
"565",2015,"Renfrew","800.35","793.99","72.50","58","1.58"
"566",2015,"Stormont, Dundas and Glengarry","1900.82","1885.74","83","157","4.27"
"567",2015,"Algoma","0","0","0","0","0"
"568",2015,"Cochrane","0","0","0","0","0"
"569",2015,"Greater Sudbury","0","0","0","0","0"
"570",2015,"Kenora","0","0","0","0","0"
"571",2015,"Manitoulin","0","0","0","0","0"
"572",2015,"Nipissing","0","0","0","0","0"
"573",2015,"Rainy River","0","0","0","0","0"
"574",2015,"Sudbury","0","0","0","0","0"
"575",2015,"Thunder Bay","0","0","0","0","0"
"576",2015,"Timiskaming","0","0","0","0","0"
"577",2016,"Brant","26300","26300","87.22","2293.90","62.43"
"578",2016,"Chatham-Kent","83600","83600","109.35","9141.90","248.80"
"579",2016,"Elgin","22800","22800","96.53","2200.80","59.90"
"580",2016,"Essex","52000","52000","85.22","4431.70","120.61"
"581",2016,"Haldimand-Norfolk","34700","34700","94.60","3282.50","89.33"
"582",2016,"Hamilton","9200","9200","91.07","837.80","22.80"
"583",2016,"Lambton","60900","60900","99.12","6036.70","164.29"
"584",2016,"Middlesex","62400","62400","106.97","6675","181.66"
"585",2016,"Niagara","24500","24500","90.94","2228.10","60.64"
"586",2016,"Oxford","47600","47600","97.20","4626.50","125.91"
"587",2016,"Bruce","40600","40600","102.67","4168.40","113.44"
"588",2016,"Dufferin","8600","8600","92.58","796.20","21.67"
"589",2016,"Grey","21800","21800","80.94","1764.50","48.02"
"590",2016,"Halton","5000","5000","68.02","340.10","9.26"
"591",2016,"Huron","77600","77600","100.48","7797.20","212.20"
"592",2016,"Peel","10300","10300","64.17","661","17.99"
"593",2016,"Perth","84300","84300","99.83","8415.30","229.03"
"594",2016,"Simcoe","78100","78100","93.57","7307.80","198.88"
"595",2016,"Waterloo","22800","22800","88.46","2017","54.89"
"596",2016,"Wellington","50100","50100","79.36","3975.80","108.20"
"597",2016,"Durham","27300","27300","63.40","1730.90","47.11"
"598",2016,"Haliburton","0","0","0","0","0"
"599",2016,"Hastings","3500","3500","66.86","234","6.37"
"600",2016,"Kawartha Lakes","13000","13000","69","897","24.41"
"601",2016,"Muskoka","0","0","0","0","0"
"602",2016,"Northumberland","8700","8700","53.61","466.40","12.69"
"603",2016,"Parry Sound","0","0","0","0","0"
"604",2016,"Peterborough","9400","9400","60.77","571.20","15.55"
"605",2016,"Prince Edward","15000","15000","71.29","1069.40","29.10"
"606",2016,"York","4000","4000","75.15","300.60","8.18"
"607",2016,"Frontenac","4800","4800","47.54","228.20","6.21"
"608",2016,"Lanark","3900","3900","57.97","226.10","6.15"
"609",2016,"Leeds and Grenville","5600","5600","44.64","250","6.80"
"610",2016,"Lennox and Addington","10700","10700","67.07","717.60","19.53"
"611",2016,"Ottawa","8600","8600","83.73","720.10","19.60"
"612",2016,"Prescott and Russell","5000","5000","54.88","274.40","7.47"
"613",2016,"Renfrew","1800","1800","69.11","124.40","3.39"
"614",2016,"Stormont, Dundas and Glengarry","4500","4500","50.24","226.10","6.15"
"615",2016,"Algoma",NA,NA,NA,NA,"0"
"616",2016,"Cochrane",NA,NA,NA,NA,"0"
"617",2016,"Greater Sudbury","1900","1900","74","140.60","3.83"
"618",2016,"Kenora","0","0","0","0","0"
"619",2016,"Manitoulin","0","0","0","0","0"
"620",2016,"Nipissing","0","0","0","0","0"
"621",2016,"Rainy River","0","0","0","0","0"
"622",2016,"Sudbury",NA,NA,NA,NA,"0"
"623",2016,"Thunder Bay","0","0","0","0","0"
"624",2016,"Timiskaming","800","800","75.75","60.60","1.65"
"625",2017,"Brant","14949.49","14949.49","97.87","1463.18","39.82"
"626",2017,"Chatham-Kent","59393.94","59393.94","95.91","5696.36","155.03"
"627",2017,"Elgin","22323.23","22323.23","89.49","1997.81","54.37"
"628",2017,"Essex","50606.06","50606.06","88.83","4495.49","122.35"
"629",2017,"Haldimand-Norfolk","44848.48","44848.48","90.43","4055.52","110.37"
"630",2017,"Hamilton","19797.98","19797.98","89.92","1780.27","48.45"
"631",2017,"Lambton","68080.81","68080.81","88.91","6052.78","164.73"
"632",2017,"Middlesex","58181.82","58181.82","94.35","5489.52","149.40"
"633",2017,"Niagara","14949.49","14949.49","84.64","1265.28","34.43"
"634",2017,"Oxford","35151.52","35151.52","98.56","3464.63","94.29"
"635",2017,"Bruce","38181.82","38181.82","86.48","3302","89.86"
"636",2017,"Dufferin","4444.44","4444.44","57.85","257.10","7"
"637",2017,"Grey","19090.91","19090.91","83.57","1595.34","43.42"
"638",2017,"Halton","16363.64","16363.64","83.52","1366.65","37.19"
"639",2017,"Huron","124646.46","124646.46","86.81","10820.86","294.49"
"640",2017,"Peel","11313.13","11313.13","93.84","1061.62","28.89"
"641",2017,"Perth","87070.71","87070.71","92.23","8030.41","218.55"
"642",2017,"Simcoe","48383.84","48383.84","82.79","4005.72","109.02"
"643",2017,"Waterloo","14343.43","14343.43","97.33","1396.02","37.99"
"644",2017,"Wellington","51818.18","51818.18","91.46","4739.27","128.98"
"645",2017,"Durham","15555.56","15555.56","80.36","1250","34.02"
"646",2017,"Haliburton","0","0","0","0","0"
"647",2017,"Hastings","3131.31","3131.31","75.81","237.38","6.46"
"648",2017,"Kawartha Lakes","7474.75","7474.75","62.19","464.89","12.65"
"649",2017,"Muskoka","0","0","0","0","0"
"650",2017,"Northumberland","10303.03","10303.03","71.84","740.22","20.15"
"651",2017,"Parry Sound","0","0","0","0","0"
"652",2017,"Peterborough","6464.65","6464.65","65.16","421.25","11.46"
"653",2017,"Prince Edward","8686.87","8686.87","72.07","626.02","17.04"
"654",2017,"York","8888.89","8888.89","75.55","671.56","18.28"
"655",2017,"Frontenac","808.08","808.08","75.21","60.77","1.65"
"656",2017,"Lanark","303.03","303.03","52.34","15.86","0.43"
"657",2017,"Leeds and Grenville","808.08","808.08","49.29","39.83","1.08"
"658",2017,"Lennox and Addington","3333.33","3333.33","42.38","141.26","3.84"
"659",2017,"Ottawa","17575.76","17575.76","56.94","1000.76","27.24"
"660",2017,"Prescott and Russell","4848.48","4848.48","63.02","305.55","8.32"
"661",2017,"Renfrew","808.08","808.08","52.52","42.44","1.15"
"662",2017,"Stormont, Dundas and Glengarry","15555.56","15555.56","65.64","1021.10","27.79"
"663",2017,"Algoma",NA,NA,NA,"0","0"
"664",2017,"Cochrane",NA,NA,NA,"0","0"
"665",2017,"Greater Sudbury","0","0","0","0","0"
"666",2017,"Kenora",NA,NA,NA,"0","0"
"667",2017,"Manitoulin",NA,NA,NA,"0","0"
"668",2017,"Nipissing","500","500","64.63","32.32","0.88"
"669",2017,"Rainy River",NA,NA,NA,"0","0"
"670",2017,"Sudbury",NA,NA,NA,"0","0"
"671",2017,"Thunder Bay",NA,NA,NA,"0","0"
"672",2017,"Timiskaming","2000","2000","80","160","4.35"
"673",2018,"Brant","15287.92","15199.78","91.10","1384.71","37.69"
"674",2018,"Chatham-Kent","60442.96","60094.49","89.71","5390.88","146.71"
"675",2018,"Elgin","22780.01","22648.68","83.48","1890.67","51.46"
"676",2018,"Essex","51533.45","51236.34","78.40","4016.73","109.32"
"677",2018,"Haldimand-Norfolk","45762.51","45498.68","84.35","3838.03","104.45"
"678",2018,"Hamilton","20147.65","20031.50","84.11","1684.80","45.85"
"679",2018,"Lambton","69352.48","68952.64","83.07","5728.19","155.89"
"680",2018,"Middlesex","59329.27","58987.22","88.07","5195.13","141.39"
"681",2018,"Niagara","15186.67","15099.12","79.30","1197.43","32.59"
"682",2018,"Oxford","35840.55","35633.92","92.01","3278.83","89.23"
"683",2018,"Bruce","35739.31","35533.26","84.52","3003.18","81.73"
"684",2018,"Dufferin","4151.02","4127.09","56.66","233.84","6.36"
"685",2018,"Grey","17819.03","17716.30","81.90","1450.97","39.49"
"686",2018,"Halton","15287.92","15199.78","81.78","1242.97","33.83"
"687",2018,"Huron","116734.90","116061.89","84.80","9841.62","267.84"
"688",2018,"Peel","10529.43","10468.72","92.23","965.55","26.28"
"689",2018,"Perth","81501.82","81031.94","90.13","7303.69","198.77"
"690",2018,"Simcoe","45256.29","44995.37","80.97","3643.22","99.15"
"691",2018,"Waterloo","13364.27","13287.22","95.56","1269.69","34.55"
"692",2018,"Wellington","48496.11","48216.52","89.40","4310.39","117.31"
"693",2018,"Durham","20200","20200","61.47","1250","34.02"
"694",2018,"Haliburton",NA,NA,NA,"0","0"
"695",2018,"Hastings","4100","4100","77.61","320.29","8.72"
"696",2018,"Kawartha Lakes","9800","9800","63.59","627.28","17.07"
"697",2018,"Muskoka",NA,NA,NA,"0","0"
"698",2018,"Northumberland","13500","13500","73.50","998.77","27.18"
"699",2018,"Parry Sound",NA,NA,NA,"0","0"
"700",2018,"Peterborough","8400","8400","67.22","568.40","15.47"
"701",2018,"Prince Edward","11300","11300","74.26","844.69","22.99"
"702",2018,"York","11500","11500","78.28","906.14","24.66"
"703",2018,"Frontenac","809.96","805.29","70.75","56.97","1.55"
"704",2018,"Lanark","303.73","301.98","49.24","14.87","0.40"
"705",2018,"Leeds and Grenville","809.96","805.29","46.37","37.34","1.02"
"706",2018,"Lennox and Addington","3239.82","3221.15","41.11","132.43","3.60"
"707",2018,"Ottawa","17414.05","17313.66","54.19","938.20","25.53"
"708",2018,"Prescott and Russell","4859.74","4831.72","59.28","286.45","7.80"
"709",2018,"Renfrew","809.96","805.29","49.41","39.79","1.08"
"710",2018,"Stormont, Dundas and Glengarry","15389.16","15300.44","62.56","957.27","26.05"
"711",2018,"Algoma",NA,NA,NA,"0","0"
"712",2018,"Cochrane",NA,NA,NA,"0","0"
"713",2018,"Greater Sudbury",NA,NA,NA,"0","0"
"714",2018,"Kenora",NA,NA,NA,"0","0"
"715",2018,"Manitoulin",NA,NA,NA,"0","0"
"716",2018,"Nipissing","500","500","64.63","32.32","0.88"
"717",2018,"Rainy River",NA,NA,NA,"0","0"
"718",2018,"Sudbury",NA,NA,NA,"0","0"
"719",2018,"Thunder Bay",NA,NA,NA,"0","0"
"720",2018,"Timiskaming","2000","1988.47","80","159.08","4.33"
"721",2019,"Brant","7700","7700","70.34","541.61","14.74"
"722",2019,"Chatham-Kent","41800","41800","89.25","3730.48","101.53"
"723",2019,"Elgin","14700","14700","83.62","1229.17","33.45"
"724",2019,"Essex","26600","26600","55.95","1488.36","40.51"
"725",2019,"Haldimand-Norfolk","27900","27900","64.71","1805.52","49.14"
"726",2019,"Hamilton","7300","7300","57.55","420.08","11.43"
"727",2019,"Lambton","36300","36300","64.26","2332.68","63.48"
"728",2019,"Middlesex","32500","32500","85.25","2770.68","75.40"
"729",2019,"Niagara","17500","17500","48.73","852.72","23.21"
"730",2019,"Oxford","22700","22700","97.74","2218.70","60.38"
"731",2019,"Bruce","41500","41500","85.63","3553.50","96.71"
"732",2019,"Dufferin","12900","12900","70.68","911.75","24.81"
"733",2019,"Grey","22300","22300","80.69","1799.40","48.97"
"734",2019,"Halton","8300","8300","54.94","455.97","12.41"
"735",2019,"Huron","94100","94100","88.74","8350.72","227.27"
"736",2019,"Peel","10300","10300","64.28","662.08","18.02"
"737",2019,"Perth","50700","50700","89.82","4554.08","123.94"
"738",2019,"Simcoe","40500","40500","76.86","3112.84","84.72"
"739",2019,"Waterloo","8500","8500","79.20","673.17","18.32"
"740",2019,"Wellington","35500","35500","78.97","2803.38","76.29"
"741",2019,"Durham","12800","12800","68.16","872.42","23.74"
"742",2019,"Haliburton","0","0","0","0","0"
"743",2019,"Hastings","7000","7000","48.88","342.16","9.31"
"744",2019,"Kawartha Lakes","8100","8100","57.12","462.68","12.59"
"745",2019,"Muskoka","0","0","0","0","0"
"746",2019,"Northumberland","9000","9000","70.93","638.40","17.37"
"747",2019,"Parry Sound","0","0","0","0","0"
"748",2019,"Peterborough","6300","6300","54.28","341.97","9.31"
"749",2019,"Prince Edward","12000","12000","57.79","693.45","18.87"
"750",2019,"York","4300","4300","65.35","281.01","7.65"
"751",2019,"Frontenac","2800","2800","59.81","167.47","4.56"
"752",2019,"Lanark","800","800","47.46","37.97","1.03"
"753",2019,"Leeds and Grenville","900","900","51.80","46.62","1.27"
"754",2019,"Lennox and Addington","15900","15900","66.85","1062.90","28.93"
"755",2019,"Ottawa","1500","1500","74.06","111.08","3.02"
"756",2019,"Prescott and Russell","800","800","33.59","26.87","0.73"
"757",2019,"Renfrew","6500","6500","84.19","547.21","14.89"
"758",2019,"Stormont, Dundas and Glengarry","2300","2300","84.27","193.83","5.28"
"759",2019,"Algoma","500","500","76.50","38.25","0"
"760",2019,"Cochrane","500","500","70","35","0"
"761",2019,"Greater Sudbury","0","0","0","0","0"
"762",2019,"Kenora","0","0","0","0","0"
"763",2019,"Manitoulin","150","150","76.50","11.47","0"
"764",2019,"Nipissing","0","0","0","0","0"
"765",2019,"Rainy River","0","0","0","0","0"
"766",2019,"Sudbury","0","0","0","0","0"
"767",2019,"Thunder Bay","0","0","0","0","0"
"768",2019,"Timiskaming","500","500","77","38.50","1.05"
"769",2020,"Brant","8100","8087.50","74.45","602.13","16.39"
"770",2020,"Chatham-Kent","127100","126903.84","87.20","11066.01","301.17"
"771",2020,"Elgin","37200","37142.59","86","3194.26","86.93"
"772",2020,"Essex","31700","31651.08","68","2152.27","58.57"
"773",2020,"Haldimand-Norfolk","38400","38340.74","70.90","2718.36","73.98"
"774",2020,"Hamilton","5300","5291.82","69","365.14","9.94"
"775",2020,"Lambton","69600","69492.58","70","4864.48","132.39"
"776",2020,"Middlesex","58800","58709.25","83","4872.87","132.62"
"777",2020,"Niagara","13800","13778.70","60","826.72","22.50"
"778",2020,"Oxford","26700","26658.79","93.90","2503.26","68.13"
"779",2020,"Bruce","56700","56612.49","90","5095.12","138.67"
"780",2020,"Dufferin","18400","18371.60","87.26","1603.05","43.63"
"781",2020,"Grey","30300","30253.24","88","2662.28","72.45"
"782",2020,"Halton","6400","6390.12","71.99","460","12.52"
"783",2020,"Huron","140900","140682.54","96.39","13560.30","369.05"
"784",2020,"Peel","10800","10790","78","841.62","22.90"
"785",2020,"Perth","81600","81474.06","97","7902.98","215.08"
"786",2020,"Simcoe","79400","79277.46","84","6659.31","181.24"
"787",2020,"Waterloo","23500","23463.73","84","1970.95","53.64"
"788",2020,"Wellington","60900","60806.01","89","5411.73","147.28"
"789",2020,"Durham","20300","20268.67","69.50","1408.67","38.34"
"790",2020,"Haliburton","0","0","0","0","0"
"791",2020,"Hastings","8200","8187.34","58.90","482.23","13.12"
"792",2020,"Kawartha Lakes","10500","10483.79","58.50","613.30","16.69"
"793",2020,"Muskoka","0","0","0","0","0"
"794",2020,"Northumberland","9000","8986.11","63.40","569.72","15.51"
"795",2020,"Parry Sound","0","0","0","0","0"
"796",2020,"Peterborough","9900","9884.72","55.10","544.65","14.82"
"797",2020,"Prince Edward","12000","11981.48","59.30","710.50","19.34"
"798",2020,"York","5000","4992.28","67","334.48","9.10"
"799",2020,"Frontenac","1000","998.46","56.40","56.31","1.53"
"800",2020,"Lanark","0","0","0","0","0"
"801",2020,"Leeds and Grenville","2500","2496.14","50.30","125.56","3.42"
"802",2020,"Lennox and Addington","4700","4692.75","60.50","283.91","7.73"
"803",2020,"Ottawa","4300","4293.36","46","197.49","5.37"
"804",2020,"Prescott and Russell","1400","1397.84","35","48.92","1.33"
"805",2020,"Renfrew","2000","1990","55.84","111.13","3.02"
"806",2020,"Stormont, Dundas and Glengarry","5940","5930","49","290.57","7.91"
"807",2020,"Algoma","500","500","84","42","1.14"
"808",2020,"Cochrane","500","500","68.80","34.40","0.94"
"809",2020,"Greater Sudbury","0","0","0","0","0"
"810",2020,"Kenora","0","0","0","0","0"
"811",2020,"Manitoulin","150","150","76.70","11.51","0.31"
"812",2020,"Nipissing","0","0","0","0","0"
"813",2020,"Rainy River","0","0","0","0","0"
"814",2020,"Sudbury","0","0","0","0","0"
"815",2020,"Thunder Bay","0","0","0","0","0"
"816",2020,"Timiskaming","2900","2895.52","78.90","228.46","6.22"
"817",2021,"Brant","11602.21","11622.78","88.65","1030.40","28.04"
"818",2021,"Chatham-Kent","80876.76","81020.16","98.63","7990.92","217.48"
"819",2021,"Elgin","29740","29792.72","98.11","2922.83","79.55"
"820",2021,"Essex","68763.38","68885.30","91.37","6293.88","171.29"
"821",2021,"Haldimand-Norfolk","37314.13","37380.29","89.88","3359.72","91.44"
"822",2021,"Hamilton","5074.86","5083.85","97.30","494.66","13.46"
"823",2021,"Lambton","93666.90","93832.98","94.19","8837.95","240.53"
"824",2021,"Middlesex","108618.21","108810.79","96.48","10498.11","285.71"
"825",2021,"Niagara","21059.76","21097.10","88.89","1875.25","51.04"
"826",2021,"Oxford","39837.91","39908.54","99.55","3972.79","108.12"
"827",2021,"Bruce","61707.45","61261.60","89.38","5475.68","149.02"
"828",2021,"Dufferin","26912.62","26718.17","93.76","2505.22","68.18"
"829",2021,"Grey","40368.62","40076.95","84.88","3401.91","92.58"
"830",2021,"Halton","5764.78","5723.13","79.59","455.50","12.40"
"831",2021,"Huron","99084.72","98368.82","95.32","9376.61","255.19"
"832",2021,"Peel","10151.55","10078.20","85.38","860.45","23.42"
"833",2021,"Perth","62254.91","61805.11","98.71","6100.75","166.03"
"834",2021,"Simcoe","48070.47","47723.15","83.28","3974.42","108.17"
"835",2021,"Waterloo","33941.35","33696.12","89.31","3009.31","81.90"
"836",2021,"Wellington","68392.47","67898.33","94.73","6432.30","175.06"
"837",2021,"Durham","24006.46","24406.80","73.48","1793.36","48.81"
"838",2021,"Haliburton","0","0","0","0","0"
"839",2021,"Hastings","9373.50","9529.82","70.12","668.27","18.19"
"840",2021,"Kawartha Lakes","16533.53","16809.25","65.48","1100.72","29.96"
"841",2021,"Muskoka","0","0","0","0","0"
"842",2021,"Northumberland","20719.82","21065.35","67.19","1415.46","38.52"
"843",2021,"Parry Sound","0","0","0","0","0"
"844",2021,"Peterborough","7047.82","7165.36","68.24","488.96","13.31"
"845",2021,"Prince Edward","8544.79","8687.29","64.90","563.81","15.34"
"846",2021,"York","9279.14","9433.88","70.70","667","18.15"
"847",2021,"Frontenac","929.80","915.50","82.84","75.84","2.06"
"848",2021,"Lanark","4148.13","4084.32","78.96","322.49","8.78"
"849",2021,"Leeds and Grenville","989.79","974.57","76.07","74.14","2.02"
"850",2021,"Lennox and Addington","7190.94","7080.32","73.06","517.27","14.08"
"851",2021,"Ottawa","3444.12","3391.14","81.95","277.90","7.56"
"852",2021,"Prescott and Russell","2930.89","2885.80","95.43","275.39","7.49"
"853",2021,"Renfrew","3769.46","3711.47","79.97","296.82","8.08"
"854",2021,"Stormont, Dundas and Glengarry","5438.77","5355.11","89.57","479.68","13.05"
"855",2021,"Algoma","0","0","0","0","0"
"856",2021,"Cochrane","0","0","0","0","0"
"857",2021,"Greater Sudbury","0","0","0","0","0"
"858",2021,"Kenora","0","0","0","0","0"
"859",2021,"Manitoulin","0","0","0","0","0"
"860",2021,"Nipissing","740.12","679.80","91.67","62.32","1.70"
"861",2021,"Rainy River","0","0","0","0","0"
"862",2021,"Sudbury","0","0","0","0","0"
"863",2021,"Thunder Bay","0","0","0","0","0"
"864",2021,"Timiskaming","3309.85","3040.12","69.71","211.92","5.77"
"865",2022,"Brant","6228.74","5471.71","78.87","431.56","11.74"
"866",2022,"Chatham-Kent","85129.59","74783.09","96.54","7219.39","196.48"
"867",2022,"Elgin","27560.90","24211.20","91.02","2203.61","59.97"
"868",2022,"Essex","49167.61","43191.86","89.79","3878.32","105.55"
"869",2022,"Haldimand-Norfolk","0","0","0","0","0"
"870",2022,"Hamilton","3529.62","3100.64","69.25","214.72","5.84"
"871",2022,"Lambton","83427.41","73287.79","90.51","6632.98","180.52"
"872",2022,"Middlesex","68353.17","60045.64","98.97","5942.85","161.74"
"873",2022,"Niagara","6118.93","5375.24","64.67","347.61","9.46"
"874",2022,"Oxford","31344.48","27534.93","102.73","2828.60","76.98"
"875",2022,"Bruce","62251.98","58083.88","103.45","6008.97","163.54"
"876",2022,"Dufferin","20128.34","18780.64","100.74","1891.88","51.49"
"877",2022,"Grey","25078.47","23399.34","100.29","2346.66","63.87"
"878",2022,"Halton","4894.40","4566.69","67.12","306.53","8.34"
"879",2022,"Huron","127423.23","118891.57","103.91","12353.78","336.21"
"880",2022,"Peel","8956.13","8356.47","84.41","705.36","19.20"
"881",2022,"Perth","67316.85","62809.63","105.34","6616.62","180.07"
"882",2022,"Simcoe","59132.74","55173.49","96.76","5338.62","145.29"
"883",2022,"Waterloo","10505.09","9801.72","93.10","912.51","24.83"
"884",2022,"Wellington","51469.88","48023.70","99.84","4794.64","130.49"
"885",2022,"Durham","19939.84","18871.71","102.70","1938.22","52.75"
"886",2022,"Haliburton","0","0","0","0","0"
"887",2022,"Hastings","8832.84","8359.69","88.21","737.39","20.07"
"888",2022,"Kawartha Lakes","16774.35","15875.78","101.78","1615.91","43.98"
"889",2022,"Muskoka","0","0","0","0","0"
"890",2022,"Northumberland","13960.11","13212.30","89.04","1176.36","32.02"
"891",2022,"Parry Sound","16.66","15.77","0","1.22","3.33"
"892",2022,"Peterborough","7470.85","7070.65","88.25","623.95","16.98"
"893",2022,"Prince Edward","15424.84","14598.57","84.56","1234.43","33.60"
"894",2022,"York","5334.14","5048.40","1.03","5.20","0.14"
"895",2022,"Frontenac","1913.01","1732.34","70.89","122.80","3.34"
"896",2022,"Lanark","2610.35","2363.81","99.15","234.36","6.38"
"897",2022,"Leeds and Grenville","1875.65","1698.51","75.46","128.17","3.49"
"898",2022,"Lennox and Addington","8005.37","7249.31","78.96","572.38","15.58"
"899",2022,"Ottawa","6999.84","6338.74","102.65","650.66","17.71"
"900",2022,"Prescott and Russell","3629.89","3287.07","73.79","242.54","6.60"
"901",2022,"Renfrew","6170.19","5587.45","85.37","476.99","12.98"
"902",2022,"Stormont, Dundas and Glengarry","8766.53","7938.58","94.48","750.06","20.41"
"903",2022,"Algoma","625.04","584.46","101.93","59.57","1.62"
"904",2022,"Cochrane","0","0","0","0","0"
"905",2022,"Greater Sudbury","0","0","0","0","0"
"906",2022,"Kenora","0","0","0","0","0"
"907",2022,"Manitoulin","152.65","142.74","78.29","11.17","0.30"
"908",2022,"Nipissing","968.81","905.92","101.63","92.06","2.51"
"909",2022,"Rainy River","507.24","474.32","86.47","41.01","1.12"
"910",2022,"Sudbury","0","0","0","0","0"
"911",2022,"Thunder Bay","0","0","0","0","0"
"912",2022,"Timiskaming","2304.23","2154.65","84.16","181.33","4.93"
"913",2023,"Brant","8232.41","7737.69","89.72","694.26","18.89"
"914",2023,"Chatham-Kent","78774.34","74040.47","99.40","7359.28","200.29"
"915",2023,"Elgin","42978.31","40395.57","95.90","3874.01","105.43"
"916",2023,"Essex","50089.59","47079.51","93.27","4390.90","119.50"
"917",2023,"Haldimand-Norfolk","43200.17","40604.09","87.87","3567.69","97.10"
"918",2023,"Hamilton","11276.30","10598.66","92.51","980.44","26.68"
"919",2023,"Lambton","98756.34","92821.67","94.46","8767.75","238.62"
"920",2023,"Middlesex","82886.11","77905.14","96.85","7545.24","205.35"
"921",2023,"Niagara","25705.93","24161.16","90.26","2180.85","59.35"
"922",2023,"Oxford","36301.87","34120.34","100.48","3428.56","93.31"
"923",2023,"Bruce","64635.05","61256.38","96.48","5909.87","160.84"
"924",2023,"Dufferin","19008.01","18014.40","94.58","1703.81","46.37"
"925",2023,"Grey","34773.69","32955.96","89.43","2947.36","80.21"
"926",2023,"Halton","9596.78","9095.13","83.96","763.61","20.78"
"927",2023,"Huron","106765.84","101184.86","99.60","10078.17","274.28"
"928",2023,"Peel","13799.45","13078.11","95.45","1248.32","33.97"
"929",2023,"Perth","70292.86","66618.43","99.06","6599.40","179.60"
"930",2023,"Simcoe","62831.59","59547.18","95.99","5715.84","155.56"
"931",2023,"Waterloo","22933.97","21735.14","93.06","2022.63","55.05"
"932",2023,"Wellington","81657.30","77388.82","97.87","7574.31","206.14"
"933",2023,"Durham","20126.31","19217.90","81.16","1559.80","42.45"
"934",2023,"Haliburton","0","0","0","0","0"
"935",2023,"Hastings","9426.25","9000.79","81.93","737.40","20.07"
"936",2023,"Kawartha Lakes","15967.91","15247.20","80.46","1226.78","33.39"
"937",2023,"Muskoka","0","0","0","0","0"
"938",2023,"Northumberland","13833.93","13209.53","73.81","975.05","26.54"
"939",2023,"Parry Sound","0","0","0","0","0"
"940",2023,"Peterborough","6889.57","6578.61","71.82","472.44","12.86"
"941",2023,"Prince Edward","10056.31","9602.41","76.85","737.91","20.08"
"942",2023,"York","16978.75","16212.41","81.25","1317.21","35.85"
"943",2023,"Frontenac","1278.85","1214.16","69.78","84.73","2.31"
"944",2023,"Lanark","4082.49","3875.98","87.54","339.32","9.23"
"945",2023,"Leeds and Grenville","388.03","368.40","59.15","21.79","0.59"
"946",2023,"Lennox and Addington","2732.59","2594.36","68.11","176.71","4.81"
"947",2023,"Ottawa","12269.32","11648.69","89.45","1041.98","28.36"
"948",2023,"Prescott and Russell","5492.50","5214.67","75.29","392.59","10.68"
"949",2023,"Renfrew","4765.63","4524.57","76.52","346.22","9.42"
"950",2023,"Stormont, Dundas and Glengarry","10397.50","9871.55","83.64","825.66","22.47"
"951",2023,"Algoma","0","0","0","0","0"
"952",2023,"Cochrane","0","0","0","0","0"
"953",2023,"Greater Sudbury","0","0","0","0","0"
"954",2023,"Kenora","0","0","0","0","0"
"955",2023,"Manitoulin","2158.90","1717.92","69.01","118.56","3.23"
"956",2023,"Nipissing","0","0","0","0","0"
"957",2023,"Rainy River","0","0","0","0","0"
"958",2023,"Sudbury","0","0","0","0","0"
"959",2023,"Thunder Bay","0","0","0","0","0"
"960",2023,"Timiskaming","6360.29","5061.14","46.81","236.91","6.45"
"961",2024,"Brant","9060.87","8537.88","94.51","806.94","21.96"
"962",2024,"Chatham-Kent","85247.73","80327.27","98.65","7924.46","215.67"
"963",2024,"Elgin","38197.93","35993.17","97.63","3514.19","95.64"
"964",2024,"Essex","41069.10","38698.62","93.81","3630.46","98.80"
"965",2024,"Haldimand-Norfolk","43122.56","40633.55","93.63","3804.42","103.54"
"966",2024,"Hamilton","9317.55","8779.75","95.43","837.89","22.80"
"967",2024,"Lambton","75805.50","71430.05","93.99","6713.86","182.72"
"968",2024,"Middlesex","69634.13","65614.89","99.36","6519.39","177.43"
"969",2024,"Niagara","31076.84","29283.11","87.61","2565.45","69.82"
"970",2024,"Oxford","31626.88","29801.39","98.30","2929.47","79.73"
"971",2024,"Bruce","53387.95","48873.61","97.72","4776.06","129.98"
"972",2024,"Dufferin","21786.76","19944.53","98.72","1969.02","53.59"
"973",2024,"Grey","31988.91","29284.01","93.02","2724.03","74.14"
"974",2024,"Halton","11655.12","10669.59","91.78","979.26","26.65"
"975",2024,"Huron","82980.04","75963.47","100.83","7659.40","208.45"
"976",2024,"Peel","13832.62","12662.97","92.63","1173.01","31.92"
"977",2024,"Perth","62865.57","57549.82","102.76","5913.62","160.94"
"978",2024,"Simcoe","69711.38","63816.77","91.90","5864.92","159.62"
"979",2024,"Waterloo","24516.47","22443.43","100.18","2248.40","61.19"
"980",2024,"Wellington","57558.89","52691.86","100.92","5317.62","144.72"
"981",2024,"Durham","21249.93","19909.86","84.19","1676.13","45.62"
"982",2024,"Haliburton","0","0","0","0","0"
"983",2024,"Hastings","3595.75","3369","86.02","289.82","7.89"
"984",2024,"Kawartha Lakes","15416.68","14444.47","71.23","1028.89","28"
"985",2024,"Muskoka","0","0","0","0","0"
"986",2024,"Northumberland","16346.34","15315.50","80.29","1229.64","33.46"
"987",2024,"Parry Sound","0","0","0","0","0"
"988",2024,"Peterborough","6425.72","6020.50","66.32","399.28","10.87"
"989",2024,"Prince Edward","10251.52","9605.04","78.07","749.85","20.41"
"990",2024,"York","15312.68","14347.03","83.75","1201.50","32.70"
"991",2024,"Frontenac","0","0","0","0","0"
"992",2024,"Lanark","3525.72","3109.20","86.69","269.54","7.34"
"993",2024,"Leeds and Grenville","2034.37","1794.03","74.13","132.99","3.62"
"994",2024,"Lennox and Addington","4017.59","3542.96","86.35","305.94","8.33"
"995",2024,"Ottawa","13127.02","11576.20","89.44","1035.37","28.18"
"996",2024,"Prescott and Russell","6626.47","5843.62","75.22","439.58","11.96"
"997",2024,"Renfrew","5615.18","4951.81","82.19","406.97","11.08"
"998",2024,"Stormont, Dundas and Glengarry","11726.17","10340.85","88.01","910.07","24.77"
"999",2024,"Algoma","0","0","0","0","0"
"1000",2024,"Cochrane","0","0","0","0","0"
"1001",2024,"Greater Sudbury","0","0","0","0","0"
"1002",2024,"Kenora","0","0","0","0","0"
"1003",2024,"Manitoulin","0","0","0","0","0"
"1004",2024,"Nipissing","0","0","0","0","0"
"1005",2024,"Rainy River","0","0","0","0","0"
"1006",2024,"Sudbury","0","0","0","0","0"
"1007",2024,"Thunder Bay","0","0","0","0","0"
"1008",2024,"Timiskaming","9186.04","4930.20","84.30","415.64","11.31"
